-- Demo seed data for the LegalEase Partner Journey OS.
-- Generated from src/lib/partners/seed-partners.ts.

insert into partner_records (partner_id, partner_slug, partner_name, contact_name, contact_email, website, organization_type, region, state, estimated_users_90_days, record_clearing_needs, program_goal, program_tier, payment_status, qualification_status, provisioning_status, assigned_owner, launch_date_target, compliance_notes, created_at, updated_at) values ('demo-partner', 'demo-partner', 'Demo Justice Access Partner', 'Avery Coleman', 'avery.coleman@example.org', 'https://example.org/demo-justice-access', 'nonprofit', 'Multi-county region', 'GA', 750, array['expungement', 'sealing', 'record_restriction', 'clean_slate_awareness'], 'Launch a 90-day record-clearing access implementation for community members with mixed record-clearing needs.', 'implementation', 'demo_paid', 'qualified', 'provisioning', 'LegalEase Partner Operations', '2026-06-15', 'LegalEase does not provide legal advice and does not guarantee eligibility, filing approval, court acceptance, or record-clearing outcomes. Program workflows support intake, routing, document preparation, and reporting based on jurisdiction, user-provided facts, and partner-approved scope.', '2026-05-01T14:00:00.000Z', '2026-05-24T18:30:00.000Z');
insert into partner_assets (partner_slug, asset_key, label, description, status, route, owner, next_action) values ('demo-partner', 'partnerLandingPage', 'Co-branded partner page', 'Public partner access page for community members entering the record-clearing access flow.', 'ready', '/p/demo-partner?paid=true', 'Partner Operations', 'Review co-branding language and activate for launch.');
insert into partner_assets (partner_slug, asset_key, label, description, status, route, owner, next_action) values ('demo-partner', 'onboardingHub', 'Onboarding hub', 'Paid partner workspace for setup status, launch resources, reports, and activation links.', 'active', '/partners/onboarding/demo-partner?paid=true', 'Implementation Lead', 'Confirm partner stakeholders have reviewed setup milestones.');
insert into partner_assets (partner_slug, asset_key, label, description, status, route, owner, next_action) values ('demo-partner', 'wilmaIntake', 'Wilma intake', 'Guided intake path for record-clearing participants by geography and support need.', 'generating', null, 'Product Operations', 'Finalize intake scope and jurisdiction-specific question set.');
insert into partner_assets (partner_slug, asset_key, label, description, status, route, owner, next_action) values ('demo-partner', 'recordShieldAccess', 'RecordShield access', 'Structured support layer for document preparation workflows and court-ready support.', 'pending', null, 'Legal Operations', 'Map support boundaries and partner-approved escalation paths.');
insert into partner_assets (partner_slug, asset_key, label, description, status, route, owner, next_action) values ('demo-partner', 'expungementRouting', 'Expungement.ai routing', 'Routing configuration based on record-clearing need, jurisdiction, and program scope.', 'generating', null, 'Product Operations', 'Validate routing rules for mixed and unknown record-clearing needs.');
insert into partner_assets (partner_slug, asset_key, label, description, status, route, owner, next_action) values ('demo-partner', 'dashboard', 'Partner dashboard', 'Operational dashboard for referrals, intake activity, routing, bottlenecks, and reports.', 'ready', '/dashboard/partners', 'Data Operations', 'Activate partner-specific filters after launch kickoff.');
insert into partner_assets (partner_slug, asset_key, label, description, status, route, owner, next_action) values ('demo-partner', 'launchKit', 'Launch kit', 'Partner announcement copy, email copy, social copy, staff talking points, and reporting schedule.', 'ready', '/partners/onboarding/demo-partner/launch-kit?paid=true', 'Partner Marketing', 'Send launch kit to partner communications lead.');
insert into partner_assets (partner_slug, asset_key, label, description, status, route, owner, next_action) values ('demo-partner', 'emailSequence', 'Email sequence', 'Partner-facing onboarding and reporting email sequence preview for program launch.', 'ready', '/partners/onboarding/demo-partner/email-sequence?paid=true', 'Partner Marketing', 'Confirm list segmentation and partner approval.');
insert into partner_assets (partner_slug, asset_key, label, description, status, route, owner, next_action) values ('demo-partner', 'weeklyReports', 'Weekly reports', 'Weekly implementation reporting package for activity, routing, and progress signals.', 'active', '/api/partner-reports/weekly', 'Data Operations', 'Generate first weekly report after launch week closes.');
insert into partner_assets (partner_slug, asset_key, label, description, status, route, owner, next_action) values ('demo-partner', 'finalImpactReport', 'Final impact report', 'Final 90-day impact report covering participation, support, outcomes, and recommendations.', 'pending', '/api/partner-reports/final', 'Data Operations', 'Schedule final reporting review near end of implementation window.');
insert into partner_metrics (partner_slug, referrals, screenings, likely_eligible, product_starts, packets_ready, filings, outcomes_available) values ('demo-partner', 218, 164, 96, 71, 28, 14, 6);

insert into partner_records (partner_id, partner_slug, partner_name, contact_name, contact_email, website, organization_type, region, state, estimated_users_90_days, record_clearing_needs, program_goal, program_tier, payment_status, qualification_status, provisioning_status, assigned_owner, launch_date_target, compliance_notes, created_at, updated_at) values ('we-must-vote', 'we-must-vote', 'We Must Vote Action Fund', 'Maya Turner', 'maya.turner@example.org', 'https://example.org/we-must-vote', 'national_partner', 'Southeast voter access network', 'AL', 1200, array['clean_slate_awareness', 'expungement', 'mixed_unknown'], 'Help voter access organizers route community members to record-clearing intake and Clean Slate awareness resources.', 'strategic', 'paid', 'qualified', 'active', 'LegalEase Strategic Programs', '2026-06-03', 'LegalEase does not provide legal advice and does not guarantee eligibility, filing approval, court acceptance, or record-clearing outcomes. Program workflows support intake, routing, document preparation, and reporting based on jurisdiction, user-provided facts, and partner-approved scope.', '2026-04-18T15:15:00.000Z', '2026-05-22T21:10:00.000Z');
insert into partner_assets (partner_slug, asset_key, label, description, status, route, owner, next_action) values ('we-must-vote', 'partnerLandingPage', 'Co-branded partner page', 'Public partner access page for community members entering the record-clearing access flow.', 'active', '/p/we-must-vote?paid=true', 'Partner Operations', 'Monitor participant access and partner feedback.');
insert into partner_assets (partner_slug, asset_key, label, description, status, route, owner, next_action) values ('we-must-vote', 'onboardingHub', 'Onboarding hub', 'Paid partner workspace for setup status, launch resources, reports, and activation links.', 'active', '/partners/onboarding/we-must-vote?paid=true', 'Implementation Lead', 'Confirm partner stakeholders have reviewed setup milestones.');
insert into partner_assets (partner_slug, asset_key, label, description, status, route, owner, next_action) values ('we-must-vote', 'wilmaIntake', 'Wilma intake', 'Guided intake path for record-clearing participants by geography and support need.', 'active', null, 'Product Operations', 'Finalize intake scope and jurisdiction-specific question set.');
insert into partner_assets (partner_slug, asset_key, label, description, status, route, owner, next_action) values ('we-must-vote', 'recordShieldAccess', 'RecordShield access', 'Structured support layer for document preparation workflows and court-ready support.', 'active', null, 'Legal Operations', 'Map support boundaries and partner-approved escalation paths.');
insert into partner_assets (partner_slug, asset_key, label, description, status, route, owner, next_action) values ('we-must-vote', 'expungementRouting', 'Expungement.ai routing', 'Routing configuration based on record-clearing need, jurisdiction, and program scope.', 'active', null, 'Product Operations', 'Validate routing rules for mixed and unknown record-clearing needs.');
insert into partner_assets (partner_slug, asset_key, label, description, status, route, owner, next_action) values ('we-must-vote', 'dashboard', 'Partner dashboard', 'Operational dashboard for referrals, intake activity, routing, bottlenecks, and reports.', 'active', '/dashboard/partners', 'Data Operations', 'Activate partner-specific filters after launch kickoff.');
insert into partner_assets (partner_slug, asset_key, label, description, status, route, owner, next_action) values ('we-must-vote', 'launchKit', 'Launch kit', 'Partner announcement copy, email copy, social copy, staff talking points, and reporting schedule.', 'active', '/partners/onboarding/we-must-vote/launch-kit?paid=true', 'Partner Marketing', 'Send launch kit to partner communications lead.');
insert into partner_assets (partner_slug, asset_key, label, description, status, route, owner, next_action) values ('we-must-vote', 'emailSequence', 'Email sequence', 'Partner-facing onboarding and reporting email sequence preview for program launch.', 'active', '/partners/onboarding/we-must-vote/email-sequence?paid=true', 'Partner Marketing', 'Confirm list segmentation and partner approval.');
insert into partner_assets (partner_slug, asset_key, label, description, status, route, owner, next_action) values ('we-must-vote', 'weeklyReports', 'Weekly reports', 'Weekly implementation reporting package for activity, routing, and progress signals.', 'active', '/api/partner-reports/weekly', 'Data Operations', 'Generate first weekly report after launch week closes.');
insert into partner_assets (partner_slug, asset_key, label, description, status, route, owner, next_action) values ('we-must-vote', 'finalImpactReport', 'Final impact report', 'Final 90-day impact report covering participation, support, outcomes, and recommendations.', 'ready', '/api/partner-reports/final', 'Data Operations', 'Schedule final reporting review near end of implementation window.');
insert into partner_metrics (partner_slug, referrals, screenings, likely_eligible, product_starts, packets_ready, filings, outcomes_available) values ('we-must-vote', 486, 337, 182, 141, 52, 23, 9);

insert into partner_records (partner_id, partner_slug, partner_name, contact_name, contact_email, website, organization_type, region, state, estimated_users_90_days, record_clearing_needs, program_goal, program_tier, payment_status, qualification_status, provisioning_status, assigned_owner, launch_date_target, compliance_notes, created_at, updated_at) values ('fulton-county', 'fulton-county', 'Fulton County Reentry Services', 'Jordan Lee', 'jordan.lee@example.gov', 'https://example.gov/fulton-reentry', 'county', 'Fulton County', 'GA', 500, array['expungement', 'record_restriction', 'sealing'], 'Coordinate county reentry referrals into a measurable record-clearing access workflow.', 'implementation', 'pending', 'qualified', 'payment_pending', 'LegalEase Implementation Team', '2026-07-01', 'LegalEase does not provide legal advice and does not guarantee eligibility, filing approval, court acceptance, or record-clearing outcomes. Program workflows support intake, routing, document preparation, and reporting based on jurisdiction, user-provided facts, and partner-approved scope.', '2026-05-12T13:20:00.000Z', '2026-05-23T16:45:00.000Z');
insert into partner_assets (partner_slug, asset_key, label, description, status, route, owner, next_action) values ('fulton-county', 'partnerLandingPage', 'Co-branded partner page', 'Public partner access page for community members entering the record-clearing access flow.', 'locked', '/p/fulton-county?paid=true', 'Partner Operations', 'Review co-branding language and activate for launch.');
insert into partner_assets (partner_slug, asset_key, label, description, status, route, owner, next_action) values ('fulton-county', 'onboardingHub', 'Onboarding hub', 'Paid partner workspace for setup status, launch resources, reports, and activation links.', 'pending', '/partners/onboarding/fulton-county?paid=true', 'Implementation Lead', 'Confirm partner stakeholders have reviewed setup milestones.');
insert into partner_assets (partner_slug, asset_key, label, description, status, route, owner, next_action) values ('fulton-county', 'wilmaIntake', 'Wilma intake', 'Guided intake path for record-clearing participants by geography and support need.', 'pending', null, 'Product Operations', 'Finalize intake scope and jurisdiction-specific question set.');
insert into partner_assets (partner_slug, asset_key, label, description, status, route, owner, next_action) values ('fulton-county', 'recordShieldAccess', 'RecordShield access', 'Structured support layer for document preparation workflows and court-ready support.', 'locked', null, 'Legal Operations', 'Map support boundaries and partner-approved escalation paths.');
insert into partner_assets (partner_slug, asset_key, label, description, status, route, owner, next_action) values ('fulton-county', 'expungementRouting', 'Expungement.ai routing', 'Routing configuration based on record-clearing need, jurisdiction, and program scope.', 'pending', null, 'Product Operations', 'Validate routing rules for mixed and unknown record-clearing needs.');
insert into partner_assets (partner_slug, asset_key, label, description, status, route, owner, next_action) values ('fulton-county', 'dashboard', 'Partner dashboard', 'Operational dashboard for referrals, intake activity, routing, bottlenecks, and reports.', 'pending', '/dashboard/partners', 'Data Operations', 'Activate partner-specific filters after launch kickoff.');
insert into partner_assets (partner_slug, asset_key, label, description, status, route, owner, next_action) values ('fulton-county', 'launchKit', 'Launch kit', 'Partner announcement copy, email copy, social copy, staff talking points, and reporting schedule.', 'generating', '/partners/onboarding/fulton-county/launch-kit?paid=true', 'Partner Marketing', 'Send launch kit to partner communications lead.');
insert into partner_assets (partner_slug, asset_key, label, description, status, route, owner, next_action) values ('fulton-county', 'emailSequence', 'Email sequence', 'Partner-facing onboarding and reporting email sequence preview for program launch.', 'pending', '/partners/onboarding/fulton-county/email-sequence?paid=true', 'Partner Marketing', 'Confirm list segmentation and partner approval.');
insert into partner_assets (partner_slug, asset_key, label, description, status, route, owner, next_action) values ('fulton-county', 'weeklyReports', 'Weekly reports', 'Weekly implementation reporting package for activity, routing, and progress signals.', 'pending', '/api/partner-reports/weekly', 'Data Operations', 'Generate first weekly report after launch week closes.');
insert into partner_assets (partner_slug, asset_key, label, description, status, route, owner, next_action) values ('fulton-county', 'finalImpactReport', 'Final impact report', 'Final 90-day impact report covering participation, support, outcomes, and recommendations.', 'locked', '/api/partner-reports/final', 'Data Operations', 'Schedule final reporting review near end of implementation window.');
insert into partner_metrics (partner_slug, referrals, screenings, likely_eligible, product_starts, packets_ready, filings, outcomes_available) values ('fulton-county', 74, 43, 21, 12, 4, 0, 0);

