id,phase,check,pass_criterion,evidence,owner,basis,status
P00-01,P00,Release identity,"Application SHA, worker digest, data/template/source versions, schema/migrations and configuration are identified together; older evidence is not silently reused.","Release tuple, deployment readback and hashes.",G + R,SRC-01; SRC-02,NOT RUN
P00-02,P00,Actual implementation scope,"Join product promises, route/track registries, packet specs, runtime call paths and deployed features; no hidden route or surface is omitted.",Versioned inventory join and missing/extra sets.,G + R,SRC-01; SRC-02,NOT RUN
P00-03,P00,All 51 jurisdictions,All 50 states and DC have a row covering their routes and explicit limits; no historic five-state exemption.,Jurisdiction register and route membership.,G + R,SRC-01; SRC-02,NOT RUN
P00-04,P00,Intended versus active coverage,"Intended support is recorded separately from current enablement, renderability and commercial authority; disabled intended routes remain incomplete.",Scope baseline and enabled/held comparison.,G + R,SRC-01; SRC-02,NOT RUN
P00-05,P00,All route outcomes,"Include packet, waiting, ineligible, needs-information, review, automatic, correspondence, referral, unsupported and escalation branches where present.",Outcome/state graph and case list.,G + R,SRC-01; SRC-02,NOT RUN
P00-06,P00,Local and temporal variants,"Every applicable court type, county/city form override, effective-date branch and document variant is enumerated; no unreviewed local scope claimed.",Variant inventory with sources.,G + R,SRC-01; SRC-02,NOT RUN
P00-07,P00,Surface inventory,"Enumerate URLs, API operations, UI states, redirects, messages, downloads, partner and internal operator surfaces affecting customers.",Route manifest and reachable-surface map.,G + R,SRC-01; SRC-02,NOT RUN
P00-08,P00,Role and channel inventory,"Enumerate anonymous, participant, sponsor, partner admin, staff, reviewer, notary and internal privileges actually implemented, by DTC/RCAP/clinic channel.",Role-action-resource matrix.,G + R,SRC-01; SRC-02,NOT RUN
P00-09,P00,Independent expectations,Legal expected results come from sources; business expectations from the accepted contract; tests do not treat current runtime answers as their own oracle.,Expected-result source links.,G + R,SRC-01; SRC-02,NOT RUN
P00-10,P00,Historical defect reconciliation,Each known build/audit defect is linked to current code/artifact and fix status; changed or reverted fixes are not counted complete.,Known-defect crosswalk including 132 and renderer defects.,G + R,SRC-01; SRC-02,NOT RUN
P00-11,P00,Corpus identity and namespace,Required source bytes resolve at expected hashes and package paths; all-25-CO-present and 513/583 recovery reports are not promoted to a fresh complete mount.,Actual file/hash/path validation for relevant packages.,G + R,SRC-01; SRC-02,NOT RUN
P00-12,P00,Preview and production separation,"Acceptance project, credentials, payment mode, domains and datasets are demonstrably isolated from real users.",Environment assertions and safe fixture namespace.,G + R,SRC-01; SRC-02,NOT RUN
P00-13,P00,Permissions preflight,"Browser/login, repository artifacts, DB evidence, registry and provider access are actually tested once; discovered tools are not counted as access.",Read-only access results and exact outstanding actions.,G + R,SRC-01; SRC-02,NOT RUN
P00-14,P00,Synthetic fixture integrity,"Known expected answers, records and identities are realistic synthetic data; neither admin seeding nor fixtures forge payment, legal or review authority.",Fixture definitions and provenance.,G + R,SRC-01; SRC-02,NOT RUN
P00-15,P00,Evidence completeness,"Each expected artifact, screenshot, page and test case has a retrievable evidence locator; missing/truncated/expired evidence is blocked, not passed.",Evidence manifest and counts.,G + R,SRC-01; SRC-02,NOT RUN
P00-16,P00,Review instance expansion,Every applicable checklist rule is expanded against entity/variant keys; a generic checklist tick is never a nationwide pass.,Case matrix and denominator reconciliation.,G + R,SRC-01; SRC-02,NOT RUN
P00-17,P00,Change and mutation safety,No active mutator is confused with work product; audit candidate is isolated from edits; before/after bytes and process completion are established.,"Process/run IDs, restoration proof and tree state.",G + R,SRC-01; SRC-02,NOT RUN
P00-18,P00,Human and operational dependencies,"Required legal reviewers, assistive-tech/device operators and production owner are named at start; no late undisclosed handoff.",Assignments and access/appointment readiness.,G + R,SRC-01; SRC-02,NOT RUN
P00-19,P00,Performance and support targets,"Existing response/render/load/recovery/support targets are identified; absent targets are explicit decisions, not numbers invented to pass.",Accepted targets and test load definition.,G + R,SRC-01; SRC-02,NOT RUN
P00-20,P00,Resume and evidence reuse,Batch cursor and exact candidate are recorded; reuse only unchanged evidence with applicable scope and current sources.,Checkpoint and dependency hashes.,G + R,SRC-01; SRC-02,NOT RUN
P01-01,P01,Landing promise and coverage,"Public scope, remedies and availability match intended and actually deliverable support; no universal erasure or guaranteed outcome claim.",Rendered pages versus source/coverage register.,G + B + R,SRC-01; SRC-03,NOT RUN
P01-02,P01,Free versus paid boundary,"Free screening and account/Briefcase terms, normal product price and separate government costs are clear and consistent with current approved contract.",EN/ES screenshots of entry/results/review/pricing.,G + B + R,SRC-01; SRC-03,NOT RUN
P01-03,P01,All links and CTAs,"Every navigation link, footer link, button, QR destination and help action reaches the intended actionable surface without dead or placeholder behavior.",Link/action inventory with browser results.,G + B + R,SRC-01; SRC-03,NOT RUN
P01-04,P01,Deep links and redirects,"Saved-item, partner, event and return links preserve exact context and reject unsafe destinations or unrelated accounts.",Allowed/denied redirect cases.,G + B + R,SRC-01; SRC-03,NOT RUN
P01-05,P01,Public partner pages,"Co-branding, program scope, geography and entry actions match the configured partner; unpublished pages do not leak into public search or sharing.",Profile/page comparison and visibility cases.,G + B + R,SRC-01; SRC-03,NOT RUN
P01-06,P01,Status and empty/error copy,"Loading, empty, held, error, expired and success states are truthful, understandable and show a usable next step; no internal status tokens.",All distinct state captures.,G + B + R,SRC-01; SRC-03,NOT RUN
P01-07,P01,Claims and testimonials,"Testimonials, clearance counts, attorney-review claims, security badges and response-time promises have supporting records and permission where needed.",Claims register and evidence; no invented endorsements.,G + B + R,SRC-01; SRC-03,NOT RUN
P01-08,P01,Legal/policy screens,"Terms, privacy, disclaimers, data-rights and accessibility statements match actual behavior and approved versions; no unfinished text.",Rendered policy pages and behavior cross-check.,G + B + R,SRC-01; SRC-03,NOT RUN
P01-09,P01,Transactional message inventory,"Invitation, auth, save, payment, ready, failure, cap, clinic and follow-up templates are enumerated in each supported locale.",Template/event/recipient matrix.,G + B + R,SRC-01; SRC-03,NOT RUN
P01-10,P01,Message receipt and timing,"Messages are delivered to the controlled test recipient on the correct event; queued, sent, delivered and failed are not conflated.",Provider events plus test mailbox evidence.,G + B + R,SRC-01; SRC-03,NOT RUN
P01-11,P01,Message privacy,"Subjects, previews, SMS/email bodies and links disclose no unnecessary record, financial or identifier data; safe channel/consent is respected.",Message payload and recipient scope inspection.,G + B + R,SRC-01; SRC-03,NOT RUN
P01-12,P01,Message link lifecycle,"Tokens bind correct user/matter/event, expire/revoke as required and cannot grant staff access after role removal.",Link-use negative and resume cases.,G + B + R,SRC-01; SRC-03,NOT RUN
P01-13,P01,Wilma current-grounded responses,Supported legal/process answers cite or use the exact current route sources; unsupported facts and uncertainty are not confidently invented.,Versioned question/expected-answer transcript set.,G + B + R,SRC-01; SRC-03,NOT RUN
P01-14,P01,Wilma privacy and isolation,Public chat cannot see private cases; authenticated context cannot cross user/partner/event boundaries.,Cross-context synthetic transcript and access evidence.,G + B + R,SRC-01; SRC-03,NOT RUN
P01-15,P01,Wilma role limits,"Assistant explanations do not claim representation, file a case, decide partner acceptance or promise approval; handoffs match the product contract.",Escalation/refusal and help transcripts.,G + B + R,SRC-01; SRC-03,NOT RUN
P01-16,P01,Wilma prompt injection,"User messages, uploaded documents and retrieved text cannot alter payment/approval authority, exfiltrate secrets or override safety tools.",Adversarial input and tool-call/output evidence.,G + B + R,SRC-01; SRC-03,NOT RUN
P01-17,P01,Wilma failure experience,"Timeout, unavailable model, quota and refused tools preserve answers, avoid duplicate actions and show honest fallback support.",Failure-injection UI and logs.,G + B + R,SRC-01; SRC-03,NOT RUN
P01-18,P01,Support contact path,"Help opens a working channel, carries only permitted context and gives understandable next steps; no unsupported response promise.",Synthetic support submission and readback.,G + B + R,SRC-01; SRC-03,NOT RUN
P01-19,P01,Locale and brand consistency,"Public copy, assistant responses and messages retain the approved brand, plain language and equivalent EN/ES meaning.",Bilingual surface and message review.,G + B + R,SRC-01; SRC-03,NOT RUN
P01-20,P01,Notifications and opt-out,Nonessential follow-up respects consent/opt-out; essential account messages follow the accepted policy and are not silently suppressed.,Consent state transitions and recipient logs.,G + B + R,SRC-01; SRC-03,NOT RUN
P02-01,P02,Exact remedy and statute,"Every track maps to the correct remedy and controlling authority, not a generic expungement label.",Source excerpt and exact route mapping.,G + R + H-L,SRC-01; SRC-02; SRC-05,NOT RUN
P02-02,P02,Currentness and effective date,Sources are current for the review date and relevant facts; future-effective and prior-law branches are not activated early or lost.,Official source/version and effective-date cases.,G + R + H-L,SRC-01; SRC-02; SRC-05,NOT RUN
P02-03,P02,Eligibility predicates,"Each positive requirement, exclusion and exception has independently sourced expected results.",Rule-to-source and case tables.,G + R + H-L,SRC-01; SRC-02; SRC-05,NOT RUN
P02-04,P02,Timing calculations,"Waiting periods use correct event anchors, completion rules and legal date conventions; just-before/on/after cases pass.",Boundary dates and expected outcomes.,G + R + H-L,SRC-01; SRC-02; SRC-05,NOT RUN
P02-05,P02,Unknown and conflicting answers,"Missing or contradictory material facts lead to the proper next question or safe review, never invented eligibility.",Unknown/conflict branch cases.,G + R + H-L,SRC-01; SRC-02; SRC-05,NOT RUN
P02-06,P02,Automatic versus participant action,Automatic/court/agency processes are distinguished from required participant filings and lawful fallback enforcement.,Actor/trigger/vehicle source comparison.,G + R + H-L,SRC-01; SRC-02; SRC-05,NOT RUN
P02-07,P02,Instrument choice,"Petition, motion, application, letter, administrative request and appeal/enforcement are selected for their exact procedural role.",Vehicle proof per component.,G + R + H-L,SRC-01; SRC-02; SRC-05,NOT RUN
P02-08,P02,Official form applicability,Mandatory/pattern/optional state or local form status is established; a similar form title does not prove applicability.,Official form and instructions with source identity.,G + R + H-L,SRC-01; SRC-02; SRC-05,NOT RUN
P02-09,P02,Court and venue,"Court level, district, county, case mode and filing office match the record and route; ambiguous venues are not guessed.",Venue predicates and fixture outcomes.,G + R + H-L,SRC-01; SRC-02; SRC-05,NOT RUN
P02-10,P02,Local overrides,Required local forms/rules override only applicable components; unaffected eligibility does not fork for formatting reasons.,All supported local variant source/case pairs.,G + R + H-L,SRC-01; SRC-02; SRC-05,NOT RUN
P02-11,P02,Preparation and signing roles,"Who prepares, submits, signs, notarizes, serves and decides is individually correct; judge signature does not imply judge-only preparation.",Actor-stage matrix against source.,G + R + H-L,SRC-01; SRC-02; SRC-05,NOT RUN
P02-12,P02,Required components,"Primary filing, orders, affidavits, service, covers and attachments are complete and staged correctly, without invented extras.",Source-required set versus manifest.,G + R + H-L,SRC-01; SRC-02; SRC-05,NOT RUN
P02-13,P02,Service and notice,"Recipients, method, deadline anchor, timing and proof are route-specific, including clerk/prosecutor responsibilities.",Service table and workflow cases.,G + R + H-L,SRC-01; SRC-02; SRC-05,NOT RUN
P02-14,P02,Execution and verification,"Signature, oath, jurat, unsworn declaration, remote execution and notarization follow source and accepted product requirements without false legal claims.",Execution clauses and signer cases.,G + R + H-L,SRC-01; SRC-02; SRC-05,NOT RUN
P02-15,P02,Privacy and identifiers,"Full/redacted DOB, SSN and other identifiers go only to authorized forms or channels; public filings follow actual rules.",Per-field privacy mapping and sources.,G + R + H-L,SRC-01; SRC-02; SRC-05,NOT RUN
P02-16,P02,Fees and waiver route,"Official costs, waiver criteria/forms, separate record/service charges and unknowns are represented accurately and dated.",Source schedules and expected fee data.,G + R + H-L,SRC-01; SRC-02; SRC-05,NOT RUN
P02-17,P02,Local submission procedure,"Filing channel, copies, naming/event codes, file size/format and official portal are correct for the supported court.",Published instructions or qualified confirmed local evidence.,G + R + H-L,SRC-01; SRC-02; SRC-05,NOT RUN
P02-18,P02,Outcome scope and limits,"What is sealed/expunged/set aside, exceptions to disclosure and unaffected records are explained correctly.",Relief/agency/disclosure source mapping.,G + R + H-L,SRC-01; SRC-02; SRC-05,NOT RUN
P02-19,P02,Objections and escalation,"Opposition, hearings, denial, appeal, missed deadline or uncertain relief trigger the proper self-help stopping point and handoff.",Escalation state graph and source.,G + R + H-L,SRC-01; SRC-02; SRC-05,NOT RUN
P02-20,P02,False-positive and false-negative routing,Eligible fixtures are not wrongly held or sold the wrong remedy; ineligible fixtures cannot transact as eligible.,Positive/negative comparison for every decision branch.,G + R + H-L,SRC-01; SRC-02; SRC-05,NOT RUN
P02-21,P02,Cross-jurisdiction and federal boundaries,"Records from multiple states, federal cases, juvenile/adult distinctions and unsupported geography are handled explicitly.",Mixed-record and boundary cases.,G + R + H-L,SRC-01; SRC-02; SRC-05,NOT RUN
P02-22,P02,Shared-spec exact membership,Shared families bind all declared routeKeys and no undeclared sibling; trace the actual chosen document output.,Member/nonmember and local variant cases.,G + R + H-L,SRC-01; SRC-02; SRC-05,NOT RUN
P02-23,P02,Legacy equality,MS/IL/DC/PA/TX and all jurisdictions use current exact-route evidence and quality; historical downloads are separately governed.,Route source/authority/delivery comparison.,G + R + H-L,SRC-01; SRC-02; SRC-05,NOT RUN
P02-24,P02,Required legal sign-off,Existing human approval is applicable to these exact requirements/bytes; missing or changed legal decisions are reviewed by the qualified authorized reviewer.,Signed/adopted review record or explicit blocker.,G + R + H-L,SRC-01; SRC-02; SRC-05,NOT RUN
P03-01,P03,Screening frozen behavior,Packet UX does not add upstream work or alter accepted screening order/wording/results except exact authorized legal corrections.,Baseline delta plus user-path observations.,G + B + R,SRC-01; SRC-03,NOT RUN
P03-02,P03,All route/outcome journeys,"Every enumerated route and material outcome has a UI path with expected next action, not only a selected success demo.",Route/outcome/case evidence IDs.,G + B + R,SRC-01; SRC-03,NOT RUN
P03-03,P03,Safe question visibility,Relevant questions and explanations appear at correct branches; hidden values do not silently change results.,Branch traces and submitted payloads.,G + B + R,SRC-01; SRC-03,NOT RUN
P03-04,P03,Known answer reuse,"Known screening/account/case facts arrive populated or visible with edit access, not as new mandatory empty questions.",Before-entry controls and fact provenance.,G + B + R,SRC-01; SRC-03,NOT RUN
P03-05,P03,No duplicates or alias conflicts,The same fact is not reasked under a different name/stage; aliases resolve consistently.,Cross-stage fact/action ledger.,G + B + R,SRC-01; SRC-03,NOT RUN
P03-06,P03,Deterministic derivation,Derived facts have valid inputs and no participant work; unknown inputs do not create fake precision.,Derivation and boundary cases.,G + B + R,SRC-01; SRC-03,NOT RUN
P03-07,P03,Actual workload,"Count new manual facts, choices, backtracking and errors across the whole journey; grouping alone is not success.",Real browser workload before filling and screenshots.,G + B + R,SRC-01; SRC-03,NOT RUN
P03-08,P03,Conditional fact behavior,"Dependants appear and disappear correctly, saved irrelevant answers do not leak into packets, and required conditions remain enforced.",Condition-on/off/edit cases.,G + B + R,SRC-01; SRC-03,NOT RUN
P03-09,P03,Generation versus filing tasks,True eligibility/generation facts remain gates; later filing/execution tasks stay available without becoming unnecessary intake.,Requirement-stage matrix and UI gates.,G + B + R,SRC-01; SRC-03,NOT RUN
P03-10,P03,Unknown-information help,"Participants can understand and obtain genuinely missing records without false defaults, dead ends or surprise postpay intake.",Unknown-answer UX and route-specific help.,G + B + R,SRC-01; SRC-03,NOT RUN
P03-11,P03,Field semantics,"Dates, money, addresses, names, zero/false values, multi-charges, arrays and explicit unknowns validate and persist correctly.",Field boundary and locale cases.,G + B + R,SRC-01; SRC-03,NOT RUN
P03-12,P03,Auth and exact result claim,Anonymous screening becomes the correct authenticated participant-owned matter exactly once; wrong/expired claim is refused.,"Pending ID, session, item and ownership trace.",G + B + R,SRC-01; SRC-03,NOT RUN
P03-13,P03,Account recovery and session expiry,"Sign-up/verification/reset/resend/expiry preserve permitted progress, reject replay and return to the intended matter.",Controlled account lifecycle cases.,G + B + R,SRC-01; SRC-03,NOT RUN
P03-14,P03,Server-confirmed saves,Saved indicator follows durable server success; lost/failed requests never claim saved or discard recoverable work.,Request/response/reload evidence.,G + B + R,SRC-01; SRC-03,NOT RUN
P03-15,P03,Save resume and old matters,"Refresh, leave/return, another device and pre-change saved matters preserve answers and valid entitlements.",Persisted-state comparison by matter.,G + B + R,SRC-01; SRC-03,NOT RUN
P03-16,P03,Concurrent edits,"Two tabs or staff/participant edits avoid silent lost updates, conflicting approvals and stale values.",Conflict/revision cases.,G + B + R,SRC-01; SRC-03,NOT RUN
P03-17,P03,Review exactness,Review shows important actual values and provenance; edit targets the exact field and returns without resetting others.,Review/edit/review trace.,G + B + R,SRC-01; SRC-03,NOT RUN
P03-18,P03,Material-edit invalidation,Material changes invalidate stale verification/output authority and re-evaluate safely without duplicate charge or case creation.,"Old/new hashes, status and payment readback.",G + B + R,SRC-01; SRC-03,NOT RUN
P03-19,P03,Section usability,"Sections have useful grouping/progress and readable density; excessive scrolling/fields are inspected, not auto-passed.",Desktop/mobile screen-state review.,G + B + R,SRC-01; SRC-03,NOT RUN
P03-20,P03,Ready versus incomplete,"Status and CTA agree with actual requirements, authority, entitlement and job state; incomplete is never ready.",State matrix across Briefcase/review/API.,G + B + R,SRC-01; SRC-03,NOT RUN
P03-21,P03,EN/ES value parity,Locale switching preserves canonical facts and equivalent questions/help/errors; translated labels do not become wrong data values.,Paired locale case and packet-input comparison.,G + B + R,SRC-01; SRC-03,NOT RUN
P03-22,P03,Keyboard and error recovery,"Focus, labels, validation summaries and back navigation work throughout forms without trapping or losing data.",Keyboard trace plus accessibility findings.,G + B + R,SRC-01; SRC-03,NOT RUN
P04-01,P04,Source file identity,The exact official source/form edition and hash are present; renamed or newer bytes are not silently treated as the approved source.,"File hash, publisher, version and custody.",G + R + H-L,SRC-01; SRC-02; SRC-05,NOT RUN
P04-02,P04,Primary document vehicle,Each generated filing is the required instrument; generic court-facing report pages cannot substitute.,Source and actual canonical PDF comparison.,G + R + H-L,SRC-01; SRC-02; SRC-05,NOT RUN
P04-03,P04,Caption and case mode,"Court, division, parties, role alignment and case-number terminology/placement match the exact case and local convention.",Page-by-page caption review.,G + R + H-L,SRC-01; SRC-02; SRC-05,NOT RUN
P04-04,P04,Statutory allegations,Required elements and supporting factual allegations appear in the correct component without unsupported assertions.,Source-to-paragraph matrix.,G + R + H-L,SRC-01; SRC-02; SRC-05,NOT RUN
P04-05,P04,Participant/matter mapping,"Every name, date, count, charge, case identifier and address matches the verified matter across all components.",Field-to-output mapping and synthetic expected data.,G + R + H-L,SRC-01; SRC-02; SRC-05,NOT RUN
P04-06,P04,Official PDF field placement,"Values bind correct widgets/printed blanks, not neighboring labels; full name versus name part and date component errors are absent.",Widget geometry and rendered appearance.,G + R + H-L,SRC-01; SRC-02; SRC-05,NOT RUN
P04-07,P04,Protected field treatment,Judicial/clerk/prosecutor/notary fields remain appropriately unexecuted; legitimate proposed text is distinguished from completed acts.,Ownership matrix and output comparison.,G + R + H-L,SRC-01; SRC-02; SRC-05,NOT RUN
P04-08,P04,Execution blocks,"Signer, pro se/contact block, oath/jurat/declaration and signature spacing follow exact authority; no generic mandatory verification.",Execution-page visual/source inspection.,G + R + H-L,SRC-01; SRC-02; SRC-05,NOT RUN
P04-09,P04,Proposed order validity,"Order is required/allowed, independently signable and actionable; correct findings, agencies, scope and distribution; no generic statewide substitute.",Order-specific legal and visual review.,G + R + H-L,SRC-01; SRC-02; SRC-05,NOT RUN
P04-10,P04,Service certificates,Certificate names actual intended/completed act correctly; recipient/method/date are sourced; future service is not falsely certified.,Certificate text and service-state cases.,G + R + H-L,SRC-01; SRC-02; SRC-05,NOT RUN
P04-11,P04,Attachments and evidence,"External records are included only from supplied sources, labeled correctly, and never fabricated as pleadings.",Attachment provenance and assembled set.,G + R + H-L,SRC-01; SRC-02; SRC-05,NOT RUN
P04-12,P04,Court-facing purity,"No product branding, disclaimers, QA notes, internal instructions or unresolved template tokens leak onto filing pages.",Full text and visual review; legitimate source text distinguished.,G + R + H-L,SRC-01; SRC-02; SRC-05,NOT RUN
P04-13,P04,Cross-jurisdiction contamination,No imported court/agency/sovereign boilerplate; legitimate historical out-of-state facts are not false-positive blocked.,Origin-aware rule and wrong-jurisdiction mutation.,G + R + H-L,SRC-01; SRC-02; SRC-05,NOT RUN
P04-14,P04,Privacy redaction,"Protected values are absent from public text, hidden layers, metadata, form fields and attachments; confidential components remain separate.","Extraction, metadata/widget and image inspection.",G + R + H-L,SRC-01; SRC-02; SRC-05,NOT RUN
P04-15,P04,Long and multilingual data,"Long names, addresses, multiple charges and supported characters remain complete and readable; no clipping, silent truncation or character dropping.",Long-data EN/ES/Unicode boundary PDFs.,G + R + H-L,SRC-01; SRC-02; SRC-05,NOT RUN
P04-16,P04,Typography and pagination,"Court-compliant paper/margins/font/spacing/page numbers; no overlaps, bad line breaks, orphan headings/signatures or filler pages.",Every rendered page with measured geometry where needed.,G + R + H-L,SRC-01; SRC-02; SRC-05,NOT RUN
P04-17,P04,PDF validity and appearances,"PDF opens, renders and prints; AcroForm/XFA/flattening/appearance behavior is appropriate; two-engine review for risky form classes.",Structural report and renderer parity evidence.,G + R + H-L,SRC-01; SRC-02; SRC-05,NOT RUN
P04-18,P04,Missing-required-data refusal,Absent legal identifiers/required allegations cannot yield a releasable packet; legitimate blank execution fields remain allowed.,Named refusal and positive blank-field cases.,G + R + H-L,SRC-01; SRC-02; SRC-05,NOT RUN
P04-19,P04,Set completeness and ordering,"All required components/continuations/covers appear in correct order, without duplicate, obsolete or wrong-stage documents.",Manifest-to-assembled-page comparison.,G + R + H-L,SRC-01; SRC-02; SRC-05,NOT RUN
P04-20,P04,Actual delivered bytes,Inspected artifacts match downloads from the audited journey and worker; fixture-only PDFs cannot stand in for delivered output.,SHA-256 chain job/storage/download/review.,G + R + H-L,SRC-01; SRC-02; SRC-05,NOT RUN
P04-21,P04,Artifact variant visual coverage,"Every unique canonical, boundary, local-form, language and layout-stress artifact is reviewed page by page; identical bytes reuse the same review explicitly.",Artifact/page coverage records and hash references.,G + R + H-L,SRC-01; SRC-02; SRC-05,NOT RUN
P04-22,P04,Professional/legal acceptance,Applicable qualified approval covers the exact final legal content/output; clerk-return risks identified in the audit are closed.,Source/format checklist and approval applicability.,G + R + H-L,SRC-01; SRC-02; SRC-05,NOT RUN
P04-23,P04,Historical packet handling,Old entitled documents are not silently overwritten; corrected regeneration and unsafe legacy access follow accepted version/entitlement policy.,Historical/current artifact and access cases.,G + R + H-L,SRC-01; SRC-02; SRC-05,NOT RUN
P04-24,P04,Informational translations,Non-fileable translated companions remain reference-only and accompany the required filing-language form; never auto-file a forbidden translation.,Source notice and full/court-only assembly.,G + R + H-L,SRC-01; SRC-02; SRC-05,NOT RUN
P05-01,P05,Approved design fidelity,"Overview, Next Steps, Filing Checklist and Fees & Costs use the supplied restrained visual system without a new design per state.",Reference versus actual EN/ES page images.,G + R,SRC-01; SRC-02; SRC-04,NOT RUN
P05-02,P05,Universal renderer coverage,All intended packet pathways consume the same normalized supplemental architecture; no grandfathered or generic-fallback states.,Call path and pathway render matrix.,G + R,SRC-01; SRC-02; SRC-04,NOT RUN
P05-03,P05,Correct identity and contents,"Participant, date, jurisdiction, court, remedy and included document list match actual verified matter and assembly.",Guide-to-packet data comparison.,G + R,SRC-01; SRC-02; SRC-04,NOT RUN
P05-04,P05,Filing sequence and actor,"Steps reflect actual route order, responsible person, deadline anchor and court/agency channel; illustrated template order is not universal law.",Guide sentences against P02 source expectations.,G + R,SRC-01; SRC-02; SRC-04,NOT RUN
P05-05,P05,Checklist exactness,"Required signatures, copies, exhibits, filing/service and follow-up tasks align with real components and conditions.",Document/task matrix and guide output.,G + R,SRC-01; SRC-02; SRC-04,NOT RUN
P05-06,P05,Fee accuracy,"Product purchase, government, records, certification and service costs are separate; total/range math, unknowns and fee waivers are truthful.",Source fee values and computed rendered totals.,G + R,SRC-01; SRC-02; SRC-04,NOT RUN
P05-07,P05,Source date and currentness,Relevant official fee/procedure sources and verification dates are correct; no stale claim presented as current.,Source references and rendered date.,G + R,SRC-01; SRC-02; SRC-04,NOT RUN
P05-08,P05,Missing guidance data,"Absent required content is an explicit defect, not blank fields or generic filler that claims packet completeness.",Missing-data negative and accurate output.,G + R,SRC-01; SRC-02; SRC-04,NOT RUN
P05-09,P05,Full and court-only split,Guide pages appear only in full output; court-only bytes/components are not contaminated or changed by guide assembly.,Paired full/court-only extraction and rendering.,G + R,SRC-01; SRC-02; SRC-04,NOT RUN
P05-10,P05,Do-not-file designation,Every guide page is clearly marked KEEP FOR YOUR RECORDS / DO NOT FILE (equivalent Spanish); filing pages are not.,Every guide and court page review.,G + R,SRC-01; SRC-02; SRC-04,NOT RUN
P05-11,P05,Brand asset packaging,Logo and necessary render assets work without runtime network/browser fetch in the actual worker.,Isolated image render and packaged-assets evidence.,G + R,SRC-01; SRC-02; SRC-04,NOT RUN
P05-12,P05,Readable overflow,"Four sections may span more pages; long tables, instructions, headings and page numbers remain readable and correct.",Boundary layouts and full page census.,G + R,SRC-01; SRC-02; SRC-04,NOT RUN
P05-13,P05,Spanish substantive parity,"Guide meaning, costs, procedure and action labels match EN, not an old template or English fallback.",Sentence-level locale alignment review.,G + R,SRC-01; SRC-02; SRC-04,NOT RUN
P05-14,P05,Links and portals,Visible URLs/QRs and clickable targets are correct official destinations and do not expose private tokens.,Target validation and rendered link metadata.,G + R,SRC-01; SRC-02; SRC-04,NOT RUN
P05-15,P05,Versioned provenance,Guide/template version changes with material output; artifact records identify exact version and sources.,Version/hash evidence.,G + R,SRC-01; SRC-02; SRC-04,NOT RUN
P05-16,P05,Rejected-filing guidance,"Return/rejection, missing attachment, opposition and follow-up steps are practical and within self-help scope.",Route-specific exception instructions.,G + R,SRC-01; SRC-02; SRC-04,NOT RUN
P05-17,P05,No false completed acts,"Guide does not claim filed, served, approved or cleared based solely on generation/payment/download.",UI/message/guide state comparison.,G + R,SRC-01; SRC-02; SRC-04,NOT RUN
P06-01,P06,All offered DTC routes,"Every intended paid route/variant reaches its actual authorized checkout and delivered packet in acceptance, not only a sample route.",Same-matter E2E case for each applicable route/language.,G + B + R,SRC-01; SRC-03; EXT-STRIPE,NOT RUN
P06-02,P06,Price and product binding,"Amount, currency, product and eligibility derive server-side from the approved current contract, not client flags.",Checkout request tampering and provider readback.,G + B + R,SRC-01; SRC-03; EXT-STRIPE,NOT RUN
P06-03,P06,Review before purchase,True route/generation prerequisites and current verification gate checkout; free steps do not initiate payment.,Boundary UI/API cases and provider absence proof.,G + B + R,SRC-01; SRC-03; EXT-STRIPE,NOT RUN
P06-04,P06,Payment settlement authority,Signed provider events and correct provider objects establish payment; browser returns or writable row fields cannot mark paid.,"Signature, event, amount/currency and privilege tests.",G + B + R,SRC-01; SRC-03; EXT-STRIPE,NOT RUN
P06-05,P06,Exact user and matter,"Order, checkout, verification, payment, render, stored packet and download all bind the same participant/matter.",Correlated identity/hash chain.,G + B + R,SRC-01; SRC-03; EXT-STRIPE,NOT RUN
P06-06,P06,Double clicks and concurrency,"Repeated checkout clicks, parallel tabs and duplicate requests cannot charge twice or create unrelated orders.",Controlled concurrent request/provider records.,G + B + R,SRC-01; SRC-03; EXT-STRIPE,NOT RUN
P06-07,P06,Webhook replay/order,"Duplicate, delayed, reordered or retried events reconcile idempotently; old events do not undo newer valid state.",Event sequence and durable ledger results.,G + B + R,SRC-01; SRC-03; EXT-STRIPE,NOT RUN
P06-08,P06,Declines and cancellation,"Decline, authentication failure, cancelled/expired session and abandoned checkout preserve work and provide usable retry.",Sandbox scenario browser and provider state.,G + B + R,SRC-01; SRC-03; EXT-STRIPE,NOT RUN
P06-09,P06,Discount and zero-charge cases,Only configured supported discounts/zero totals grant the correct order-bound entitlement; no fabricated paid amount.,Applicable provider-backed cases or sourced N/A.,G + B + R,SRC-01; SRC-03; EXT-STRIPE,NOT RUN
P06-10,P06,Return-before-webhook,Early return/polling is honest pending state and later converges without a second payment or administrator edit.,Timed return/event/ready trace.,G + B + R,SRC-01; SRC-03; EXT-STRIPE,NOT RUN
P06-11,P06,Refund and dispute handling,Refund/dispute behavior follows the approved entitlement policy; pending/repeated notifications do not duplicate reversals.,Sandbox or isolated replay and policy mapping.,G + B + R,SRC-01; SRC-03; EXT-STRIPE,NOT RUN
P06-12,P06,Render enqueue boundary,Only current authorized facts/entitlement create the bound job; unrenderable/held/legacy kinds cannot sneak through.,Positive plus no-record/held/incorrect-binding cases.,G + B + R,SRC-01; SRC-03; EXT-STRIPE,NOT RUN
P06-13,P06,Queue retries and recovery,"Timeout, crash, lease expiry and retries preserve idempotent entitlement and recover rather than orphan a paid matter.",Job transitions and fault injection.,G + B + R,SRC-01; SRC-03; EXT-STRIPE,NOT RUN
P06-14,P06,Artifact attachment CAS,Attachment is guarded and current verification checked atomically; unauthorized/stale attempts produce no protected write.,Intercepted writes and DB/CAS evidence.,G + B + R,SRC-01; SRC-03; EXT-STRIPE,NOT RUN
P06-15,P06,Stored artifact integrity,Complete valid expected PDF is durably stored; hash/content-type/length mismatch cannot become ready.,Storage/object and finalization evidence.,G + B + R,SRC-01; SRC-03; EXT-STRIPE,NOT RUN
P06-16,P06,Download authorization,"Owner gets correct bytes; unauthenticated, wrong-user, wrong-matter, revoked and expired access are refused.",Actual download bytes and denied requests.,G + B + R,SRC-01; SRC-03; EXT-STRIPE,NOT RUN
P06-17,P06,Repeat and regeneration,Repeat downloads do not consume another payment/credit; supported regeneration follows approved change/version rules.,Payment/ledger before-after and packet identity.,G + B + R,SRC-01; SRC-03; EXT-STRIPE,NOT RUN
P06-18,P06,No surprise postpay intake,"After accepted complete review and payment, the participant is not dumped into new unnecessary packet questions.",Connected UI trace through download.,G + B + R,SRC-01; SRC-03; EXT-STRIPE,NOT RUN
P06-19,P06,Ready status coherence,All UI/API notifications agree with actual stored deliverable state; no ready-before-artifact or unreachable ready CTA.,Cross-surface timeline.,G + B + R,SRC-01; SRC-03; EXT-STRIPE,NOT RUN
P06-20,P06,Failure and support recovery,"Paid-but-stuck and failed download have correct status, recoverable support/retry/refund path without losing ownership.",Fault-to-resolution scenario.,G + B + R,SRC-01; SRC-03; EXT-STRIPE,NOT RUN
P06-21,P06,Unproven price control,A forged/unproven authority record cannot open price or purchase; the test targets the current control and detects its own mutation.,Clean baseline plus targeted mutation signal.,G + B + R,SRC-01; SRC-03; EXT-STRIPE,NOT RUN
P06-22,P06,No side-effect proof shortcut,A refusal is checked before charge/credit/attachment/delivery side effects; positive cases complete effects with exact counts.,Instrumented boundaries plus provider/DB readback.,G + B + R,SRC-01; SRC-03; EXT-STRIPE,NOT RUN
P07-01,P07,Partner setup and provisioning,"Existing partner is found without duplication; creation, invitation, onboarding, publication and activation have correct distinct effects.",Complete operator/admin lifecycle.,G + B + R,SRC-01; SRC-06; SRC-07,NOT RUN
P07-02,P07,First-admin invitation,Correct recipient accepts scoped time-limited invitation; expired/replayed/forwarded/wrong-account tokens fail safely.,Invitation and auth cases.,G + B + R,SRC-01; SRC-06; SRC-07,NOT RUN
P07-03,P07,Onboarding and approvals,"Required decisions, resources and review actions persist; role-limited/read-only sections behave honestly with actionable progress.",All onboarding step and approval states.,G + B + R,SRC-01; SRC-06; SRC-07,NOT RUN
P07-04,P07,Partner configuration,"Scope, geography, branding, landing copy, staff and program settings save correctly without changing other tenants.",Two-tenant configuration/readback.,G + B + R,SRC-01; SRC-06; SRC-07,NOT RUN
P07-05,P07,Public activation,Draft/paused/unapproved programs are not accidentally public or usable; approved activation exposes intended entry only.,Visibility/activation state matrix.,G + B + R,SRC-01; SRC-06; SRC-07,NOT RUN
P07-06,P07,Access-code lifecycle,Issued/revoked/expired/reused codes and dates bind correct program/event and cannot confer staff privileges.,Code/window limits and URL leakage review.,G + B + R,SRC-01; SRC-06; SRC-07,NOT RUN
P07-07,P07,Role least privilege,"Admin, staff, reviewer, reporting/export and internal support actions match actual policy, not just hidden buttons.",UI/API/DB allowed-and-denied matrix.,G + B + R,SRC-01; SRC-06; SRC-07,NOT RUN
P07-08,P07,Participant ownership,"Partner association never transfers the participant's account, Briefcase, packet or identity to the organization.",Ownership and cross-session cases.,G + B + R,SRC-01; SRC-06; SRC-07,NOT RUN
P07-09,P07,Sponsored admission states,"No record/held authority denies before partner access; no benefit, admitted benefit and at-cap states are distinguished.",Real four-state controls with read/write/RPC counters.,G + B + R,SRC-01; SRC-06; SRC-07,NOT RUN
P07-10,P07,Cap and overage policies,"Configured cap, grace, pause, overage and window boundaries are enforced exactly; no invented universal numbers.",Per-profile boundary/parallel cases.,G + B + R,SRC-01; SRC-06; SRC-07,NOT RUN
P07-11,P07,Credit consumption,Exactly one valid qualifying finalization consumes its defined unit; screen/save/guidance/failure/retry/re-download do not.,Durable event counts and atomic race tests.,G + B + R,SRC-01; SRC-06; SRC-07,NOT RUN
P07-12,P07,Sponsor versus DTC,Valid sponsorship bypasses consumer charging; invalid sponsorship does not silently take money or borrow another tenant's credit.,Both channel branches and explicit fallback consent.,G + B + R,SRC-01; SRC-06; SRC-07,NOT RUN
P07-13,P07,All sponsored routes,Every intended route in each distinct authorized sponsor/clinic configuration yields correct treatment and successful packet when offered.,Route/channel E2E matrix.,G + B + R,SRC-01; SRC-06; SRC-07,NOT RUN
P07-14,P07,Sponsor billing and invoices,Overage/usage invoices and credits match authoritative billable events and configured terms; no duplicate invoice cycles.,Sandbox invoice/event reconciliation.,G + B + R,SRC-01; SRC-06; SRC-07,NOT RUN
P07-15,P07,Reporting metric truth,"Starts, screened, eligible, generated, delivered, filed and cleared are distinct; filters, totals, exports and timezone cutoffs agree.",Events-to-dashboard/CSV reconciliation.,G + B + R,SRC-01; SRC-06; SRC-07,NOT RUN
P07-16,P07,Reporting privacy,Partner/sponsor sees only approved aggregate or scoped data; small-cell and export disclosures follow accepted policy.,Tenant/role export tests and content review.,G + B + R,SRC-01; SRC-06; SRC-07,NOT RUN
P07-17,P07,Staff removal and program closure,Revoking membership/event access and ending sponsorship removes access appropriately while preserving participant rights.,Revocation and continued-participant journey.,G + B + R,SRC-01; SRC-06; SRC-07,NOT RUN
P07-18,P07,Partner communications,"Invitations, onboarding notices, cap notices and follow-up messages have truthful status, safe links and correct recipients.",Provider/test-mailbox evidence.,G + B + R,SRC-01; SRC-06; SRC-07,NOT RUN
P07-19,P07,Operator support actions,"Privileged support/provisioning is authenticated, scoped and audited; no broad administrative bypass through UI/API.",Admin action and audit readback.,G + B + R,SRC-01; SRC-06; SRC-07,NOT RUN
P07-20,P07,Business profile variation,"All actual contracted/configured partner-profile behaviors are covered, including attribution and continuation terms; uncontracted pilots are not invented.",Profile inventory and applicability mapping.,G + B + R,SRC-01; SRC-06; SRC-07,NOT RUN
P08-01,P08,Event creation and publication,"Event date/timezone, geography, venue, capacity, window, staff, contact and follow-up owner persist accurately; draft is distinct from live.",Event configuration and displayed-time readback.,G + B + R + H-C,SRC-01; SRC-06; SRC-07,NOT RUN
P08-02,P08,Entry and registration,Participant link/QR routes to correct event; registration/waitlist/duplicate/cancel/window boundaries work atomically.,Concurrent registration and entry cases.,G + B + R + H-C,SRC-01; SRC-06; SRC-07,NOT RUN
P08-03,P08,Self-service clinic journey,"Participant uses own account, maintains event/sponsor attribution and finishes/resumes outside the clinic.",Complete same-matter event journey.,G + B + R + H-C,SRC-01; SRC-06; SRC-07,NOT RUN
P08-04,P08,Assisted consent,Staff assistance requires explicit scoped current consent; refusal/revocation is usable and no permanent access is implied.,"Consent UI, authorization and audit cases.",G + B + R + H-C,SRC-01; SRC-06; SRC-07,NOT RUN
P08-05,P08,Event and role scope,Staff membership alone does not grant every event or matter; assignment and sensitive permissions are enforced server-side.,Cross-event/tenant/role cases.,G + B + R + H-C,SRC-01; SRC-06; SRC-07,NOT RUN
P08-06,P08,Assisted edit ownership,"Staff edits identify actual actor, preserve participant rights and invalidate affected review; staff cannot attest as the participant.",Edit/review/attestation evidence.,G + B + R + H-C,SRC-01; SRC-06; SRC-07,NOT RUN
P08-07,P08,Ten-person shared-device sequence,"Ten synthetic participants in sequence cannot access prior users' data via back, cache, tabs, autocomplete, downloads or expired sessions.","Continuous device sequence, storage and navigation tests.",G + B + R + H-C,SRC-01; SRC-06; SRC-07,NOT RUN
P08-08,P08,Timeout and end session,"Timeout, explicit End Session, logout and interrupted exit revoke scoped access and clear prohibited local remnants without losing saved server work.",Timed reset and next-user scenarios.,G + B + R + H-C,SRC-01; SRC-06; SRC-07,NOT RUN
P08-09,P08,Network interruption and queues,Poor Wi-Fi/reconnect does not falsely save/register/sign or double-consume; staff can follow the documented safe fallback.,Fault-injection and real-network rehearsal.,G + B + R + H-C,SRC-01; SRC-06; SRC-07,NOT RUN
P08-10,P08,Cross-device continuation,Participant resumes correct event/matter on another device without another intake/payment and without staff session leakage.,A-to-B device/account trace.,G + B + R + H-C,SRC-01; SRC-06; SRC-07,NOT RUN
P08-11,P08,Legal Aid profile parity,Each configured Legal Aid intake uses its approved source field/statement version; no assumption that a linked external form proves native persistence.,Profile-to-native-field mapping and server readback.,G + B + R + H-C,SRC-01; SRC-06; SRC-07,NOT RUN
P08-12,P08,Sensitive intake restrictions,"Financial, household, SSN/citizenship/status data use minimal collection, truthful unknowns and separately authorized review; no zero/default substitution.",Field/role/encryption/reveal/log evidence.,G + B + R + H-C,SRC-01; SRC-06; SRC-07,NOT RUN
P08-13,P08,Program versus remedy decision,"Program eligibility, service acceptance, legal remedy eligibility, packet verification and execution readiness are distinct statuses and authorities.",State transitions and conflicting outcome cases.,G + B + R + H-C,SRC-01; SRC-06; SRC-07,NOT RUN
P08-14,P08,Applicant signatures,Only the applicant signs intended statements; signatures bind statement version and answer hash; material edits require proper re-attestation.,Signer identity/hash/revision tests.,G + B + R + H-C,SRC-01; SRC-06; SRC-07,NOT RUN
P08-15,P08,Attorney review and conflicts,Assigned qualified reviewers see needed material and can record requests/decisions; nonlawyers cannot issue the legal decision or imply representation.,Role/state matrix and human workflow rehearsal.,G + B + R + H-C,SRC-01; SRC-06; SRC-07,NOT RUN
P08-16,P08,Court-document execution,"Required signing/notarization order, witness/ID procedure, completed versus unsigned artifacts and re-execution after changes follow the actual contract.",Execution state and final document version.,G + B + R + H-C,SRC-01; SRC-06; SRC-07,NOT RUN
P08-17,P08,Notary desk access,Notary sees only necessary documents/identity and cannot access unrelated intake or forge completed execution.,Allowed/denied views and execution audit.,G + B + R + H-C,SRC-01; SRC-06; SRC-07,NOT RUN
P08-18,P08,Restricted case-file export,"Court packet, participant guide and partner case file are separate; export recipient/scope/masking/download/retention are correct.",Actual export files and role/audit evidence.,G + B + R + H-C,SRC-01; SRC-06; SRC-07,NOT RUN
P08-19,P08,Follow-up queue,"Next action, responsible person, due date, safe contact and escalation survive event end and are actionable.",Queue transition and controlled notification.,G + B + R + H-C,SRC-01; SRC-06; SRC-07,NOT RUN
P08-20,P08,Clinic reports and incidents,"Event counts reconcile without calling generation clearance; incident entry, escalation and access remain safe and truthful.",Report/event/incident matrix.,G + B + R + H-C,SRC-01; SRC-06; SRC-07,NOT RUN
P08-21,P08,MVLP actual deployed workflow,"When MVLP is offered, its real approved intake/review/execution path works in hosted services, not only a local stand-in; no invented CLS pilot.",MVLP native hosted journey and profile applicability.,G + B + R + H-C,SRC-01; SRC-06; SRC-07,NOT RUN
P08-22,P08,Physical rehearsal,"Staff and participants complete the documented check-in, assistance, print/sign/scan and exit flow on intended devices/network with no coaching workaround.",Human-observed dress rehearsal and issue list.,G + B + R + H-C,SRC-01; SRC-06; SRC-07,NOT RUN
P08-23,P08,Clinic closeout,"Close event safely, reconcile sponsorship, revoke temporary access and preserve participant continuation and assigned follow-up.",End-of-day and next-day cases.,G + B + R + H-C,SRC-01; SRC-06; SRC-07,NOT RUN
P09-01,P09,Authentication attack surface,"Session, token, reset and sign-out controls reject replay/fixation and unsafe origins; cookies/CSRF/CORS follow reviewed deployment contract.",Authorized isolated HTTP and browser tests.,G + R + H-S,SRC-01; EXT-ASVS,NOT RUN
P09-02,P09,Object and tenant authorization,Every sensitive endpoint/storage object/query proves ownership/role/event scope; UI hiding alone is not security.,Endpoint-by-role/resource matrix including direct requests.,G + R + H-S,SRC-01; EXT-ASVS,NOT RUN
P09-03,P09,Database RLS and grants,"Anonymous, participant, partner and service roles have only intended row/column/RPC privileges on actual hosted schema.",Hosted readback plus isolated adversarial SQL fixtures.,G + R + H-S,SRC-01; EXT-ASVS,NOT RUN
P09-04,P09,Payment field immutability,"Participants cannot insert/update authority-bearing paid, amount, currency, entitlement or verification fields to authorize output.",Column/RPC/migration negative tests.,G + R + H-S,SRC-01; EXT-ASVS,NOT RUN
P09-05,P09,Service-role boundary,Privileged clients/secrets stay server-side; participant IDs and authority come from verified context rather than request data.,Bundle/source/log scan and tampered requests.,G + R + H-S,SRC-01; EXT-ASVS,NOT RUN
P09-06,P09,Storage isolation,"Private buckets, signed URLs, filenames and list operations cannot expose another user's record; revocation/expiry work.",Storage URL/list/download attacks on synthetic objects.,G + R + H-S,SRC-01; EXT-ASVS,NOT RUN
P09-07,P09,Sensitive encryption and redaction,"Restricted intake is protected under the accepted cryptographic design, access audited and cleartext excluded from inappropriate storage/logs.",Ciphertext/reveal/access/export evidence.,G + R + H-S,SRC-01; EXT-ASVS,NOT RUN
P09-08,P09,Logs analytics and traces,"Secrets, raw identifiers, case narrative and legal-aid data do not leak to telemetry, URLs, client errors or third-party recordings.","Sanitized logs, browser payloads and provider configuration.",G + R + H-S,SRC-01; EXT-ASVS,NOT RUN
P09-09,P09,Input and injection defenses,"Applicable SQL/HTML/script/template/command/URL inputs are safe; legal text remains content, never executed instructions.",Context-specific negative cases and code review.,G + R + H-S,SRC-01; EXT-ASVS,NOT RUN
P09-10,P09,Uploads and parsing,"File type/size/content validation, filename/path handling and parser isolation prevent malicious documents, traversal and unsupported active content.",Synthetic upload/PDF/HTML/ZIP adversarial cases.,G + R + H-S,SRC-01; EXT-ASVS,NOT RUN
P09-11,P09,Data rights,"Export/delete/retention actions authenticate owner, cover app/storage/derived data and communicate lawful retention limits accurately.",Synthetic data lifecycle and policy comparison.,G + R + H-S,SRC-01; EXT-ASVS,NOT RUN
P09-12,P09,Audit record integrity,"Review, consent, execution and financial authority records cannot be silently overwritten or attributed to the wrong actor.",Tamper and revision readback cases.,G + R + H-S,SRC-01; EXT-ASVS,NOT RUN
P09-13,P09,Concurrency and replay,"Duplicate jobs, webhook retries, double sign, race at caps and stale verification cannot violate financial/document invariants.",Controlled race and invariant checks.,G + R + H-S,SRC-01; EXT-ASVS,NOT RUN
P09-14,P09,Dependencies and secrets,"Applicable dependency vulnerabilities, exposed credentials and risky rendering/network permissions are triaged against actual exposure.",Pinned dependency/secret scan and disposition.,G + R + H-S,SRC-01; EXT-ASVS,NOT RUN
P09-15,P09,Rate limits and abuse,Public/auth/payment/AI/upload endpoints handle abuse and budget exhaustion without data leakage or fake success.,Bounded acceptance load/abuse cases.,G + R + H-S,SRC-01; EXT-ASVS,NOT RUN
P09-16,P09,Document adversarial boundaries,"Prompt injection, embedded active content, forged authority, unsafe URLs and malicious metadata cannot alter approved packet selection/output.",Malicious synthetic document and source fixtures.,G + R + H-S,SRC-01; EXT-ASVS,NOT RUN
P09-17,P09,Authorization after revocation,"Removed staff, cancelled consent, expired sponsor/event and changed review cannot keep cached authority.",Old-session and stale-cache direct API cases.,G + R + H-S,SRC-01; EXT-ASVS,NOT RUN
P09-18,P09,Migration and rollback integrity,"Applied schema matches tested contract; upgrades and rollback preserve ownership, payments, immutable receipts and data.",Staging backup/restore/migration results.,G + R + H-S,SRC-01; EXT-ASVS,NOT RUN
P09-19,P09,Focused security assurance,Independent security expertise reviews high-risk uncovered boundaries; an automated scan is not labeled a penetration test or certification.,Scoped reviewer report and unresolved-risk record.,G + R + H-S,SRC-01; EXT-ASVS,NOT RUN
P09-20,P09,Safe QA conduct,"Tests stay within approved targets/rates/identities; production writes, real charges, filing and external communications need actual authorization.",Scope/sandbox assertions and audit trail.,G + R + H-S,SRC-01; EXT-ASVS,NOT RUN
P10-01,P10,Accessibility success criteria,Use WCAG 2.2 A/AA criteria for applicable UI plus current accepted requirements; automation alone is not conformance proof.,Per-criterion automated/manual applicability and evidence.,G + R + H-A + H-C,SRC-01; EXT-W3C; EXT-PW,NOT RUN
P10-02,P10,Keyboard focus and navigation,"Every actionable control works without mouse; focus is visible/logical, restored after dialogs and not obscured or trapped.",Keyboard sequences across all distinct states.,G + R + H-A + H-C,SRC-01; EXT-W3C; EXT-PW,NOT RUN
P10-03,P10,Labels and accessible errors,"Names, roles, instructions, required states and error summaries are programmatically associated and announced usefully.",DOM/axe plus assistive-technology observation.,G + R + H-A + H-C,SRC-01; EXT-W3C; EXT-PW,NOT RUN
P10-04,P10,Zoom reflow and contrast,"Text, contrast, resize/reflow, target sizes and noncolor cues remain usable on intended screens and magnification.",Measured UI plus zoom/mobile screenshots.,G + R + H-A + H-C,SRC-01; EXT-W3C; EXT-PW,NOT RUN
P10-05,P10,Screen-reader real use,Qualified human uses actual supported screen-reader/browser combinations for critical journeys and dynamic states.,Assistive-tech session notes/recording and defects.,G + R + H-A + H-C,SRC-01; EXT-W3C; EXT-PW,NOT RUN
P10-06,P10,Accessible authentication/timeouts,"Auth/recovery, memory demands, OTP flows and timeout warning/extension meet applicable accessibility and safety needs.",Auth and timed human/browser tests.,G + R + H-A + H-C,SRC-01; EXT-W3C; EXT-PW,NOT RUN
P10-07,P10,Every locale string,"All customer-facing prompts, messages, statuses, guide content and dynamic data render correctly in EN/ES with no missing keys or fallback.",String/state coverage and bilingual review.,G + R + H-A + H-C,SRC-01; EXT-W3C; EXT-PW,NOT RUN
P10-08,P10,Translation comprehension,Important legal/safety/consent wording and complex new Spanish content are understandable to a fluent human; no false equivalence from machine translation.,Bilingual reviewer findings and corrected strings.,G + R + H-A + H-C,SRC-01; EXT-W3C; EXT-PW,NOT RUN
P10-09,P10,Document accessibility,"Guides provide appropriate reading order, language, headings and text alternatives; inaccessible official forms are not altered unlawfully or claimed accessible.",PDF inspection and accessible alternative/workflow evidence.,G + R + H-A + H-C,SRC-01; EXT-W3C; EXT-PW,NOT RUN
P10-10,P10,Browser engines,Declared supported desktop engines run critical state/channel paths; engine failures are not hidden as retries.,Pinned Chromium/Firefox/WebKit projects and results.,G + R + H-A + H-C,SRC-01; EXT-W3C; EXT-PW,NOT RUN
P10-11,P10,Real mobile and clinic devices,"Actual iOS/Android/clinic devices cover keyboard, autofill, PDF view/download, file uploads and session reset beyond emulation.",Device/operator evidence.,G + R + H-A + H-C,SRC-01; EXT-W3C; EXT-PW,NOT RUN
P10-12,P10,Responsive all screens,"Every distinct UI state is inspected at desktop/mobile widths, long content and text size; no overlap or hidden critical actions.",Per-state screenshots and reviewed index.,G + R + H-A + H-C,SRC-01; EXT-W3C; EXT-PW,NOT RUN
P10-13,P10,Load and response budget,Screen/save/auth/payment-return/render/download perform within agreed numeric budgets at intended concurrent clinic/consumer load.,p50/p95/error rate/throughput and agreed targets.,G + R + H-A + H-C,SRC-01; EXT-W3C; EXT-PW,NOT RUN
P10-14,P10,Cold start and resource limits,"Worker cold start, memory limits, large packets and storage/network latency degrade safely and recover without duplicate charges.",Cold/large/slow runtime measurements.,G + R + H-A + H-C,SRC-01; EXT-W3C; EXT-PW,NOT RUN
P10-15,P10,Failure-mode UX,"Provider outage, offline reconnect, slow APIs, browser refresh and render failures have honest recoverable states.",Controlled fault scenarios.,G + R + H-A + H-C,SRC-01; EXT-W3C; EXT-PW,NOT RUN
P10-16,P10,PDF print and scan use,Actual letter-printing/scale/margins/signature space/legibility and clinic scan-return workflows are usable.,Representative physical print/scan human evidence plus all digital pages.,G + R + H-A + H-C,SRC-01; EXT-W3C; EXT-PW,NOT RUN
P10-17,P10,Accessible help and human comprehension,"New users can identify cost, next task, filing material and help without insider explanation; disclosures are not contradictory.",Short observed EN/ES participant tasks.,G + R + H-A + H-C,SRC-01; EXT-W3C; EXT-PW,NOT RUN
P10-18,P10,Operational endurance,"A bounded sustained-load and repeated clinic cycle meets targets without growing leaks, stuck work or accounting drift.",Soak summary and end-state reconciliation.,G + R + H-A + H-C,SRC-01; EXT-W3C; EXT-PW,NOT RUN
P11-01,P11,All required instances resolved,Every in-scope route/component/journey/page/role/variant instance is passed or a supported true N/A; blocked/unreviewed/skipped is not a pass.,Coverage reconciliation and applicability evidence.,G + R + H-O,SRC-01; SRC-02,NOT RUN
P11-02,P11,All 51 jurisdiction sign-off,"Each jurisdiction has legal, document, UX/channel, local-scope and evidence status; none inherits another state's pass.",Jurisdiction coverage roll-up.,G + R + H-O,SRC-01; SRC-02,NOT RUN
P11-03,P11,No hidden coverage reduction,"No intended route was removed, suppressed or renamed unsupported to clear QA; authorized scope change remains separately visible.",Frozen versus final scope diff.,G + R + H-O,SRC-01; SRC-02,NOT RUN
P11-04,P11,Required tests truly pass,Current build/type/lint/release jobs all execute and pass; absent/filtered/skipped jobs and first-page-only workflow listings are reconciled.,Complete run/job/step/artifact inventory.,G + R + H-O,SRC-01; SRC-02,NOT RUN
P11-05,P11,Fix retest and blast radius,Each fix has failing-before/passing-after proof and tests for all affected shared consumers; unchanged evidence is reused only when applicable.,Defect closure links and dependency delta.,G + R + H-O,SRC-01; SRC-02,NOT RUN
P11-06,P11,No baseline-test false positives,Expected mutation failures are attributed to intended invariant; no-op/crash/unchanged-red cannot earn detection.,Harness controls and targeted signal evidence.,G + R + H-O,SRC-01; SRC-02,NOT RUN
P11-07,P11,Final artifact integrity,Final source/templates/data/assets match accepted worker image and emitted files; no mutable tag substitution or post-test unreviewed output.,Exact release tuple and download hashes.,G + R + H-O,SRC-01; SRC-02,NOT RUN
P11-08,P11,Actual migration state,Necessary schema and compatibility migrations are applied in target and checked; committed SQL alone is insufficient.,Target migration readback and recovery record.,G + R + H-O,SRC-01; SRC-02,NOT RUN
P11-09,P11,Hosted full DTC journey,"Final candidate completes real sandbox payment through exact generated/downloaded packet, without admin shortcut.",Connected browser/provider/DB/worker/artifact trace.,G + R + H-O,SRC-01; SRC-02,NOT RUN
P11-10,P11,Hosted RCAP and clinic journeys,All distinct intended partner/clinic profiles complete corresponding hosted sponsor and follow-up workflows.,Hosted end-to-end evidence and channel matrix.,G + R + H-O,SRC-01; SRC-02,NOT RUN
P11-11,P11,Approval applicability,Required owner/legal/output/security/human checks correspond to the final changed artifacts and scope; no forged or blindly rolled approvals.,Final review records and bindings.,G + R + H-O,SRC-01; SRC-02,NOT RUN
P11-12,P11,Production promotion permission,Exact target and accepted candidate have genuine authorization; outstanding push/production holds are not overridden by QA.,Owner decision and deployment identity.,G + R + H-O,SRC-01; SRC-02,NOT RUN
P11-13,P11,Production smoke,"Authorized real-domain entry/auth/save/review/help/download boundary checks confirm deployed candidate, configuration and packaged assets.","Smoke results, deployment ID and sanitized runtime logs.",G + R + H-O,SRC-01; SRC-02,NOT RUN
P11-14,P11,Operations and alerts,"Stuck paid work, render/download failures, security/clinic incidents and provider errors reach a named responder; no sensitive telemetry.",Controlled alert/support drill and ownership.,G + R + H-O,SRC-01; SRC-02,NOT RUN
P11-15,P11,Refund/recovery and rollback,"Existing support/refund/retry and known-good rollback procedures are executable, protect entitlements and match current schema.",Sandbox operations rehearsal and rollback target.,G + R + H-O,SRC-01; SRC-02,NOT RUN
P11-16,P11,No mutation/test residue,"All processes complete, files restore, test users/artifacts are handled by policy and no synthetic data contaminates customer metrics.",Final tree/process and fixture cleanup evidence.,G + R + H-O,SRC-01; SRC-02,NOT RUN
P11-17,P11,Final report is bounded,"Report exact reviewed release, counts, coverage, direct vs delegated proofs, human decisions, and open defects; never promise flawless future behavior.",Signed final QA recommendation with links.,G + R + H-O,SRC-01; SRC-02,NOT RUN
P11-18,P11,Finish and maintenance handoff,"Required work is complete before launch recommendation; later legal/form/software changes trigger scoped regression, not permanent audit work.",Final decision and existing maintenance owner.,G + R + H-O,SRC-01; SRC-02,NOT RUN
