jurisdiction,form_id,form_title,source_sha256,revision,binary_present,structural_class,defect_categories,technical_disposition,legal_disposition,affected_track_ids,section,route_kinds,any_sellable,any_credit_consumable,owner,post_launch_priority,exact_next_action
AK,ak-record-relief-forms.html,ak-record-relief-forms.html,e85e1adc3462452fe4dbe83ffc28de8cef7528e2f6cb2771e4412abf3aa656f0,,false,html_form,flat_overlay_geometry_or_readback held_on_source_or_design missing_binary never_independently_approved,no_implementation_record,no_independent_approval,,missing_pdf_assets,,false,false,Terminal A route owner,low,"Supply the exact verified binary for AK ak-record-relief-forms.html at its committed path and SHA, then re-run the D1 implementation and visual evidence for its family."
AK,DPS-CRI-103,Request to Correct Criminal Justice Information in the Alaska Public Safety Information Network (APSIN),b1de812543a259e425318011dbc5e2bc8b4badf0692da9d12188087ec0e4a259,REV-2022-07-25,true,flat_pdf,flat_overlay_geometry_or_readback held_on_source_or_design never_independently_approved stale_or_superseded,overlay_implemented_pending_independent_review,no_independent_approval,,orphaned_or_optional_problem_pdfs,,false,false,Terminal A route owner,low,Resolve the recorded source or design hold on AK DPS-CRI-103 and obtain a fresh independent technical and visual approval.
AK,DPS-SEAL-REQ-2-04,Request to Seal Criminal Justice Information,1fb64733f46c397beb69d1da8d72a1f1462669f8dfb7611e86a833c45aa5c80a,REV-2004-02,true,flat_pdf,flat_overlay_geometry_or_readback held_on_source_or_design never_independently_approved stale_contact_sheet_manifest_or_review_evidence stale_or_superseded,no_fill_instructional_document,no_independent_approval,,orphaned_or_optional_problem_pdfs,,false,false,Terminal A route owner,low,Resolve the recorded source or design hold on AK DPS-SEAL-REQ-2-04 and obtain a fresh independent technical and visual approval.
AK,RequestToSealCrimInfo.pdf,RequestToSealCrimInfo.pdf,1fb64733f46c397beb69d1da8d72a1f1462669f8dfb7611e86a833c45aa5c80a,,false,scanned_pdf,flat_overlay_geometry_or_readback held_on_source_or_design missing_binary never_independently_approved,no_implementation_record,no_independent_approval,,missing_pdf_assets,,false,false,Terminal A route owner,low,"Supply the exact verified binary for AK RequestToSealCrimInfo.pdf at its committed path and SHA, then re-run the D1 implementation and visual evidence for its family."
AK,TF-800,Request to Make Case Records Confidential or Sealed Under Administrative Rule 37.6,94bab52533d74551f7a8ff8644a9671241b38075c7e05f10806d627dfb898cbd,REV-2025-05,true,acroform,clipped_overlapping_or_misplaced currentness_unverified held_on_source_or_design never_independently_approved source_identity_ambiguous,implemented_pending_independent_review,no_independent_approval,ak-tf800,active_track_problem_pdfs,exact_supported_deferral,false,false,Terminal A route owner,high,Re-measure the failing widgets on AK TF-800 and re-render the boundary fixture until no clipping finding remains.
AK,TF-805,Request to Remove Name from Online Public Index (CourtView) Under Administrative Rule 40(b) or (c),96306d64eda397e25094f92c3d67a642372b82cba12f97c6666e5500136e8f54,REV-2025-05,true,acroform,clipped_overlapping_or_misplaced currentness_unverified held_on_source_or_design never_independently_approved source_identity_ambiguous,implemented_pending_independent_review,no_independent_approval,ak-tf805,active_track_problem_pdfs,exact_supported_deferral,false,false,Terminal A route owner,high,Re-measure the failing widgets on AK TF-805 and re-render the boundary fixture until no clipping finding remains.
AK,TF-810,Request to Exclude Case from Online Public Index (CourtView) Under Administrative Rule 40(a) or AS 22.35.030,c5e55ce0c0bb2a008ad9cde5e62c4900f413c8fb64a913e94c81554c64b69582,REV-2025-05,true,acroform,clipped_overlapping_or_misplaced currentness_unverified held_on_source_or_design never_independently_approved source_identity_ambiguous,implemented_pending_independent_review,no_independent_approval,ak-courtview,active_track_problem_pdfs,guidance_only,false,false,Terminal A route owner,high,Re-measure the failing widgets on AK TF-810 and re-render the boundary fixture until no clipping finding remains.
AL,al-expungement-petition.html,al-expungement-petition.html,fbeb00bc41b8ed948fbbaa31276216849bef70c4cb9cf55e197a414e5725e8b4,,false,html_form,flat_overlay_geometry_or_readback held_on_source_or_design missing_binary never_independently_approved,no_implementation_record,no_independent_approval,,missing_pdf_assets,,false,false,Terminal A route owner,low,"Supply the exact verified binary for AL al-expungement-petition.html at its committed path and SHA, then re-run the D1 implementation and visual evidence for its family."
AL,C-94A,Petition for Order of Limited Relief,e7ebe16d45d9a5619fd36f2834d4696efc4c0e7bf3ef42c44fa684906effc2c2,REV-2023-10,true,acroform,clipped_overlapping_or_misplaced held_on_source_or_design never_independently_approved source_identity_ambiguous stale_or_superseded,implemented_pending_independent_review,no_independent_approval,,orphaned_or_optional_problem_pdfs,,false,false,Terminal A route owner,low,Re-measure the failing widgets on AL C-94A and re-render the boundary fixture until no clipping finding remains.
AL,cr-65-expunge-petition-10-2024.pdf,cr-65-expunge-petition-10-2024.pdf,c2e0c7bd7abca2c83c469d7da1aa0b80b132e653f8712d0b4ce77c8b160b2a39,,false,dirty_acroform,held_on_source_or_design missing_binary never_independently_approved xfa_javascript_or_active_content_residue,no_implementation_record,no_independent_approval,,missing_pdf_assets,,false,false,Terminal A route owner,low,"Supply the exact verified binary for AL cr-65-expunge-petition-10-2024.pdf at its committed path and SHA, then re-run the D1 implementation and visual evidence for its family."
AL,cr-65a-order-on-petition-for-expungement-10-2024.pdf,cr-65a-order-on-petition-for-expungement-10-2024.pdf,7bae84d50ef27e30458048805e996654736af561db4e0ca3acae250a6fe50a12,,false,dirty_acroform,held_on_source_or_design missing_binary never_independently_approved xfa_javascript_or_active_content_residue,no_implementation_record,no_independent_approval,,missing_pdf_assets,,false,false,Terminal A route owner,low,"Supply the exact verified binary for AL cr-65a-order-on-petition-for-expungement-10-2024.pdf at its committed path and SHA, then re-run the D1 implementation and visual evidence for its family."
AL,criminal-forms.html,criminal-forms.html,55acbbbee2554b6c57dbae84ad13c7aaa78545521cba341499d1c21c07a9e666,,false,html_form,flat_overlay_geometry_or_readback held_on_source_or_design missing_binary never_independently_approved,no_implementation_record,no_independent_approval,,missing_pdf_assets,,false,false,Terminal A route owner,low,"Supply the exact verified binary for AL criminal-forms.html at its committed path and SHA, then re-run the D1 implementation and visual evidence for its family."
AL,criminal-record-expungement.html,criminal-record-expungement.html,021c264e33e7b124273795c68c62b3f5e24d82c28326ed69cb2ebeb4320726bf,,false,html_form,flat_overlay_geometry_or_readback held_on_source_or_design missing_binary never_independently_approved,no_implementation_record,no_independent_approval,,missing_pdf_assets,,false,false,Terminal A route owner,low,"Supply the exact verified binary for AL criminal-record-expungement.html at its committed path and SHA, then re-run the D1 implementation and visual evidence for its family."
AL,SBI-FORM-46,Application to Review Alabama Criminal History Record Information,02ce19decc585903f73456371c2f51f8c01b39befa9b9b80560454e901bfb5e7,REV-2017-10-01,true,acroform,clipped_overlapping_or_misplaced currentness_unverified held_on_source_or_design never_independently_approved source_identity_ambiguous,implemented_pending_independent_review,no_independent_approval,,orphaned_or_optional_problem_pdfs,,false,false,Terminal A route owner,low,Re-measure the failing widgets on AL SBI-FORM-46 and re-render the boundary fixture until no clipping finding remains.
AR,3-Misdemeanor-Petition-8_01_2023.pdf,3-Misdemeanor-Petition-8_01_2023.pdf,63a308c4fd36a35918249574675c3e83ed47e677cffeae30e09c7e344cfcda23,,false,dirty_acroform,held_on_source_or_design missing_binary never_independently_approved xfa_javascript_or_active_content_residue,no_implementation_record,no_independent_approval,,missing_pdf_assets,,false,false,Terminal A route owner,low,"Supply the exact verified binary for AR 3-Misdemeanor-Petition-8_01_2023.pdf at its committed path and SHA, then re-run the D1 implementation and visual evidence for its family."
AR,7_Nolle_Prosequi_Dismissed_Acquittal_Petition_2020_F.pdf,7_Nolle_Prosequi_Dismissed_Acquittal_Petition_2020_F.pdf,09f323174881934239734e3a418eb4fec0b4bd0f7e199e8698c3af95a659fa61,,false,dirty_acroform,held_on_source_or_design missing_binary never_independently_approved xfa_javascript_or_active_content_residue,no_implementation_record,no_independent_approval,,missing_pdf_assets,,false,false,Terminal A route owner,low,"Supply the exact verified binary for AR 7_Nolle_Prosequi_Dismissed_Acquittal_Petition_2020_F.pdf at its committed path and SHA, then re-run the D1 implementation and visual evidence for its family."
AR,AR-ACIC-ORDER-OF-PROBATION-UNDER-ACT-346,Order of Probation Under Act 346 and Act 1460,5e0923268f5c5a0893118ac07bdf6d468190c77ad58ee7db9f077631c996d320,REV-2014-08-25,true,acroform,clipped_overlapping_or_misplaced held_on_source_or_design never_independently_approved source_identity_ambiguous stale_or_superseded,implemented_pending_independent_review,no_independent_approval,,orphaned_or_optional_problem_pdfs,,false,false,Terminal A route owner,low,Re-measure the failing widgets on AR AR-ACIC-ORDER-OF-PROBATION-UNDER-ACT-346 and re-render the boundary fixture until no clipping finding remains.
AR,AR-ACIC-ORDER-TO-DISMISS-AND-SEAL-FIRST-OFFENDERS-ACT-346,Order to Dismiss and Seal First Offenders Under Act 346 and Act 1460,70f97584a628507e064540a4bf2830b46162de8f799d2a2a78285db446d15740,REV-2014-01-01,true,acroform,clipped_overlapping_or_misplaced held_on_source_or_design never_independently_approved source_identity_ambiguous stale_or_superseded,implemented_pending_independent_review,no_independent_approval,,orphaned_or_optional_problem_pdfs,,false,false,Terminal A route owner,low,Re-measure the failing widgets on AR AR-ACIC-ORDER-TO-DISMISS-AND-SEAL-FIRST-OFFENDERS-ACT-346 and re-render the boundary fixture until no clipping finding remains.
AR,AR-ACIC-ORDER-TO-DISMISS-AND-SEAL-POST-ADJUDICATION-DRUG-COURT-OFF,Order to Dismiss and Seal Offense in Post-Adjudication Drug Court Proceeding,731fd089f5b019002269ec86905cea946d5841b988102c222edfbd630290eaf2,REV-2014-01-01,true,acroform,clipped_overlapping_or_misplaced held_on_source_or_design never_independently_approved source_identity_ambiguous stale_or_superseded,implemented_pending_independent_review,no_independent_approval,,orphaned_or_optional_problem_pdfs,,false,false,Terminal A route owner,low,Re-measure the failing widgets on AR AR-ACIC-ORDER-TO-DISMISS-AND-SEAL-POST-ADJUDICATION-DRUG-COURT-OFF and re-render the boundary fixture until no clipping finding remains.
AR,AR-ACIC-ORDER-TO-DISMISS-AND-SEAL-PRE-ADJUDICATION-DRUG-COURT-OFFE,Order to Dismiss and Seal Offense in Pre-Adjudication Drug Court Proceeding,b7532d415611a9fe3046fd6fa1aaf662d93c20ba21bf27a3ab8066c96d63b13e,REV-2014-01-01,true,acroform,clipped_overlapping_or_misplaced held_on_source_or_design never_independently_approved source_identity_ambiguous stale_or_superseded,implemented_pending_independent_review,no_independent_approval,,orphaned_or_optional_problem_pdfs,,false,false,Terminal A route owner,low,Re-measure the failing widgets on AR AR-ACIC-ORDER-TO-DISMISS-AND-SEAL-PRE-ADJUDICATION-DRUG-COURT-OFFE and re-render the boundary fixture until no clipping finding remains.
AR,AR-ACIC-ORDER-TO-SEAL-ARREST-UNDER-ACT-1460,Order to Seal Arrest Under Act 1460 of 2013,5bd4ed5bd1b658295b50c2ea7126e276982fd705045f36adfc1f074923722581,REV-2014-01-01,true,acroform,clipped_overlapping_or_misplaced held_on_source_or_design never_independently_approved source_identity_ambiguous stale_or_superseded,implemented_pending_independent_review,no_independent_approval,,orphaned_or_optional_problem_pdfs,,false,false,Terminal A route owner,low,Re-measure the failing widgets on AR AR-ACIC-ORDER-TO-SEAL-ARREST-UNDER-ACT-1460 and re-render the boundary fixture until no clipping finding remains.
AR,AR-ACIC-ORDER-TO-SEAL-CONTROLLED-OR-COUNTERFEIT-SUBSTANCE-POSSESSI,Order to Seal Conviction for Possession of Controlled or Counterfeit Substance,b347754fd115adea52068fe5cd267f84021f8f435a7b86c02c3347dd86f9f555,REV-2014-01-01,true,acroform,clipped_overlapping_or_misplaced held_on_source_or_design never_independently_approved source_identity_ambiguous stale_or_superseded,implemented_pending_independent_review,no_independent_approval,,orphaned_or_optional_problem_pdfs,,false,false,Terminal A route owner,low,Re-measure the failing widgets on AR AR-ACIC-ORDER-TO-SEAL-CONTROLLED-OR-COUNTERFEIT-SUBSTANCE-POSSESSI and re-render the boundary fixture until no clipping finding remains.
AR,AR-ACIC-ORDER-TO-SEAL-FELONY-UNDER-ACT-1460,Order to Seal Felony Under Act 1460 of 2013,dcb87ba9ff3b64f5db9231f2f3b9d16b86264ac75cbdf81d706921ab3592f4cc,REV-2021-08-16,true,acroform,clipped_overlapping_or_misplaced held_on_source_or_design never_independently_approved source_identity_ambiguous stale_or_superseded,implemented_pending_independent_review,no_independent_approval,,orphaned_or_optional_problem_pdfs,,false,false,Terminal A route owner,low,Re-measure the failing widgets on AR AR-ACIC-ORDER-TO-SEAL-FELONY-UNDER-ACT-1460 and re-render the boundary fixture until no clipping finding remains.
AR,AR-ACIC-ORDER-TO-SEAL-MISDEMEANOR-DWI-OR-BWI-CONVICTION,Order to Seal a Misdemeanor Conviction for Driving or Boating While Intoxicated,ae6b81f6882133c207f23435b00785b50b40e014c616d3c77707e8b6020d43af,REV-2021-07-27,true,flat_pdf,clipped_overlapping_or_misplaced flat_overlay_geometry_or_readback held_on_source_or_design never_independently_approved stale_or_superseded,overlay_implemented_pending_independent_review,no_independent_approval,,orphaned_or_optional_problem_pdfs,,false,false,Terminal A route owner,low,Re-measure the failing widgets on AR AR-ACIC-ORDER-TO-SEAL-MISDEMEANOR-DWI-OR-BWI-CONVICTION and re-render the boundary fixture until no clipping finding remains.
AR,AR-ACIC-ORDER-TO-SEAL-MISDEMEANORS-UNDER-ACT-1460,Order to Seal Misdemeanors Under Act 1460 of 2013,4d6bc578c6a40a58d1234315939d46579862b5d382c85359ae4334763e7bbcc8,REV-2019-08-01,true,acroform,clipped_overlapping_or_misplaced held_on_source_or_design never_independently_approved source_identity_ambiguous stale_or_superseded,implemented_pending_independent_review,no_independent_approval,,orphaned_or_optional_problem_pdfs,,false,false,Terminal A route owner,low,Re-measure the failing widgets on AR AR-ACIC-ORDER-TO-SEAL-MISDEMEANORS-UNDER-ACT-1460 and re-render the boundary fixture until no clipping finding remains.
AR,AR-ACIC-ORDER-TO-SEAL-NOLLE-PROSEQUI-DISMISSAL-ACQUITTAL-OR-NO-CHA,"Order to Seal Records of Nolle Prosequi, Dismissals, Judgments of Acquittal, and Charges Not Filed",4ca0a57a56f7662dd6590e9bfbbe7b96fcf2d39df8ca84253c53e9bd0f07605a,REV-2023-10-25,true,acroform,clipped_overlapping_or_misplaced held_on_source_or_design never_independently_approved source_identity_ambiguous stale_or_superseded,implemented_pending_independent_review,no_independent_approval,,orphaned_or_optional_problem_pdfs,,false,false,Terminal A route owner,low,Re-measure the failing widgets on AR AR-ACIC-ORDER-TO-SEAL-NOLLE-PROSEQUI-DISMISSAL-ACQUITTAL-OR-NO-CHA and re-render the boundary fixture until no clipping finding remains.
AR,AR-ACIC-ORDER-TO-SEAL-RECORDS-OF-PARDONED-OFFENDER-OR-YOUTHFUL-FEL,Order to Seal Records of a Pardoned Offender or Pardoned Youthful Felony Offender,741fda999c348d763848b98053f93e8c28d25dcc1ba5e8438e98b1bdf555ae6e,REV-2022-03-07,true,flat_pdf,clipped_overlapping_or_misplaced flat_overlay_geometry_or_readback held_on_source_or_design never_independently_approved stale_or_superseded,overlay_implemented_pending_independent_review,no_independent_approval,,orphaned_or_optional_problem_pdfs,,false,false,Terminal A route owner,low,Re-measure the failing widgets on AR AR-ACIC-ORDER-TO-SEAL-RECORDS-OF-PARDONED-OFFENDER-OR-YOUTHFUL-FEL and re-render the boundary fixture until no clipping finding remains.
AR,AR-ACIC-ORDER-TO-SEAL-UNDER-COMMUNITY-PUNISHMENT-ACT-531-AND-ACT-1,Order to Seal Pursuant to Act 531 of 1993 and Act 1460 of 2013,edd3eb10e5b3830afa417f4165611489a32c1f43d2dde3203855bdbe3b0b19da,REV-2014-08-25,true,acroform,clipped_overlapping_or_misplaced held_on_source_or_design never_independently_approved source_identity_ambiguous stale_or_superseded,implemented_pending_independent_review,no_independent_approval,,orphaned_or_optional_problem_pdfs,,false,false,Terminal A route owner,low,Re-measure the failing widgets on AR AR-ACIC-ORDER-TO-SEAL-UNDER-COMMUNITY-PUNISHMENT-ACT-531-AND-ACT-1 and re-render the boundary fixture until no clipping finding remains.
AR,AR-ACIC-PETITION-TO-DISMISS-AND-SEAL-POST-ADJUDICATION-DRUG-COURT,Petition to Dismiss and Seal Offense in Post-Adjudication Drug Court Proceeding,99657d0eac1f5ea51814f4c663b483749228a06412ba1e9dd1805aeac4826e39,REV-2014-01-01,true,acroform,clipped_overlapping_or_misplaced held_on_source_or_design never_independently_approved source_identity_ambiguous stale_or_superseded,implemented_pending_independent_review,no_independent_approval,,orphaned_or_optional_problem_pdfs,,false,false,Terminal A route owner,low,Re-measure the failing widgets on AR AR-ACIC-PETITION-TO-DISMISS-AND-SEAL-POST-ADJUDICATION-DRUG-COURT and re-render the boundary fixture until no clipping finding remains.
AR,AR-ACIC-PETITION-TO-DISMISS-AND-SEAL-PRE-ADJUDICATION-DRUG-COURT-O,Petition to Dismiss and Seal Offense in Pre-Adjudication Drug Court Proceeding,7b9426041a2bf7b14ee871847999ecb83d5818829abb39eb9711a411ff70ba42,REV-2014-08-25,true,acroform,clipped_overlapping_or_misplaced held_on_source_or_design never_independently_approved source_identity_ambiguous stale_or_superseded,implemented_pending_independent_review,no_independent_approval,,orphaned_or_optional_problem_pdfs,,false,false,Terminal A route owner,low,Re-measure the failing widgets on AR AR-ACIC-PETITION-TO-DISMISS-AND-SEAL-PRE-ADJUDICATION-DRUG-COURT-O and re-render the boundary fixture until no clipping finding remains.
AR,AR-ACIC-PETITION-TO-DISMISS-AND-SEAL-VETERANS-TREATMENT-SPECIALTY,Petition to Dismiss and Seal Offense in Veterans Treatment Specialty Court Proceeding,2a60285e2fc0d5c7f765df93143f65edf302dc8f28429a1050d329b3f48ff0a0,REV-2021-07-27,true,flat_pdf,clipped_overlapping_or_misplaced flat_overlay_geometry_or_readback held_on_source_or_design never_independently_approved stale_or_superseded,overlay_implemented_pending_independent_review,no_independent_approval,,orphaned_or_optional_problem_pdfs,,false,false,Terminal A route owner,low,Re-measure the failing widgets on AR AR-ACIC-PETITION-TO-DISMISS-AND-SEAL-VETERANS-TREATMENT-SPECIALTY and re-render the boundary fixture until no clipping finding remains.
AR,AR-ACIC-PETITION-TO-SEAL-ARREST-UNDER-ACT-1460,Petition to Seal Arrest Under Act 1460 of 2013,f77e17b669bd6e01cc3818329181bb378dd774b1facd9a15c4083d37d380194c,REV-2014-08-25,true,acroform,clipped_overlapping_or_misplaced held_on_source_or_design never_independently_approved source_identity_ambiguous stale_or_superseded,implemented_pending_independent_review,no_independent_approval,,orphaned_or_optional_problem_pdfs,,false,false,Terminal A route owner,low,Re-measure the failing widgets on AR AR-ACIC-PETITION-TO-SEAL-ARREST-UNDER-ACT-1460 and re-render the boundary fixture until no clipping finding remains.
AR,AR-ACIC-PETITION-TO-SEAL-CONTROLLED-OR-COUNTERFEIT-SUBSTANCE-POSSE,Petition to Seal Conviction for Possession of Controlled or Counterfeit Substance,015c7246ffd5ad1512d55234708d885db3dd6d5eebb937c049aca8fe4f818029,REV-2015-04-01,true,acroform,clipped_overlapping_or_misplaced held_on_source_or_design never_independently_approved source_identity_ambiguous stale_or_superseded,implemented_pending_independent_review,no_independent_approval,,orphaned_or_optional_problem_pdfs,,false,false,Terminal A route owner,low,Re-measure the failing widgets on AR AR-ACIC-PETITION-TO-SEAL-CONTROLLED-OR-COUNTERFEIT-SUBSTANCE-POSSE and re-render the boundary fixture until no clipping finding remains.
AR,AR-ACIC-PETITION-TO-SEAL-FELONY-UNDER-ACT-1460,Petition to Seal Felony Under Act 1460 of 2013,6065fe0248e9022c866ac2506c02df35b533439f6d15fc40843b709eea375d9b,REV-2021-07-21,true,acroform,clipped_overlapping_or_misplaced held_on_source_or_design never_independently_approved source_identity_ambiguous stale_or_superseded,implemented_pending_independent_review,no_independent_approval,,orphaned_or_optional_problem_pdfs,,false,false,Terminal A route owner,low,Re-measure the failing widgets on AR AR-ACIC-PETITION-TO-SEAL-FELONY-UNDER-ACT-1460 and re-render the boundary fixture until no clipping finding remains.
AR,AR-ACIC-PETITION-TO-SEAL-MISDEMEANOR-DWI-OR-BWI-CONVICTION,Petition to Seal a Misdemeanor Conviction for Driving or Boating While Intoxicated,04d876b09fe82b76298a2d06093d122a0ef539f767f76811001030cc7805715d,REV-2021-07-27,true,flat_pdf,clipped_overlapping_or_misplaced flat_overlay_geometry_or_readback held_on_source_or_design never_independently_approved stale_or_superseded,overlay_implemented_pending_independent_review,no_independent_approval,,orphaned_or_optional_problem_pdfs,,false,false,Terminal A route owner,low,Re-measure the failing widgets on AR AR-ACIC-PETITION-TO-SEAL-MISDEMEANOR-DWI-OR-BWI-CONVICTION and re-render the boundary fixture until no clipping finding remains.
AR,AR-ACIC-PETITION-TO-SEAL-NOLLE-PROSEQUI-DISMISSAL-ACQUITTAL-OR-NO,"Petition to Seal Records of Nolle Prosequi, Dismissals, Judgments of Acquittal, and Charges Not Filed",09f323174881934239734e3a418eb4fec0b4bd0f7e199e8698c3af95a659fa61,REV-2020-04-22,true,acroform,clipped_overlapping_or_misplaced held_on_source_or_design never_independently_approved source_identity_ambiguous stale_or_superseded,implemented_pending_independent_review,no_independent_approval,,orphaned_or_optional_problem_pdfs,,false,false,Terminal A route owner,low,Re-measure the failing widgets on AR AR-ACIC-PETITION-TO-SEAL-NOLLE-PROSEQUI-DISMISSAL-ACQUITTAL-OR-NO and re-render the boundary fixture until no clipping finding remains.
AR,AR-ACIC-PETITION-TO-SEAL-RECORDS-OF-PARDONED-OFFENDER-OR-YOUTHFUL,Petition to Seal Records of a Pardoned Offender or Pardoned Youthful Felony Offender,59ba1407a5a6c2b8c327a9ca549b379ab88d65105ade1c7e69110d8c1ac6c5d0,REV-2022-03-08,true,flat_pdf,flat_overlay_geometry_or_readback held_on_source_or_design multi_widget_ambiguity never_independently_approved stale_contact_sheet_manifest_or_review_evidence stale_or_superseded,overlay_no_participant_label_matched,no_independent_approval,,orphaned_or_optional_problem_pdfs,,false,false,Terminal A route owner,low,Resolve the recorded source or design hold on AR AR-ACIC-PETITION-TO-SEAL-RECORDS-OF-PARDONED-OFFENDER-OR-YOUTHFUL and obtain a fresh independent technical and visual approval.
AR,AR-ACIC-PETITION-TO-SEAL-UNDER-COMMUNITY-PUNISHMENT-ACT-531-AND-AC,Petition to Seal Pursuant to Act 531 of 1993 and Act 1460 of 2013,cca9d9454b565d36930a95ac6337d370f6506f8780e9d98cbfc8f99343e0a356,REV-2014-08-25,true,acroform,clipped_overlapping_or_misplaced held_on_source_or_design never_independently_approved source_identity_ambiguous stale_or_superseded,implemented_pending_independent_review,no_independent_approval,,orphaned_or_optional_problem_pdfs,,false,false,Terminal A route owner,low,Re-measure the failing widgets on AR AR-ACIC-PETITION-TO-SEAL-UNDER-COMMUNITY-PUNISHMENT-ACT-531-AND-AC and re-render the boundary fixture until no clipping finding remains.
AR,Arkansas-Petition-Order-Forms.html,Arkansas-Petition-Order-Forms.html,f47ff079d70a3973ecbdd32c524f373af88801fe8cd3e91b7a6f090f825f8d42,,false,html_form,flat_overlay_geometry_or_readback held_on_source_or_design missing_binary never_independently_approved,no_implementation_record,no_independent_approval,,missing_pdf_assets,,false,false,Terminal A route owner,low,"Supply the exact verified binary for AR Arkansas-Petition-Order-Forms.html at its committed path and SHA, then re-run the D1 implementation and visual evidence for its family."
AR,Felony-Petition-Form-f.pdf,Felony-Petition-Form-f.pdf,6065fe0248e9022c866ac2506c02df35b533439f6d15fc40843b709eea375d9b,,false,dirty_acroform,held_on_source_or_design missing_binary never_independently_approved xfa_javascript_or_active_content_residue,no_implementation_record,no_independent_approval,,missing_pdf_assets,,false,false,Terminal A route owner,low,"Supply the exact verified binary for AR Felony-Petition-Form-f.pdf at its committed path and SHA, then re-run the D1 implementation and visual evidence for its family."
KY,496.2.pdf,496.2.pdf,5d1ca608d94911a3f2fa0ed168ea43da2d72e685b85c48b3c220ed5ea6896bde,,false,dirty_acroform,held_on_source_or_design missing_binary never_independently_approved xfa_javascript_or_active_content_residue,no_implementation_record,no_independent_approval,,missing_pdf_assets,,false,false,Terminal A route owner,low,"Supply the exact verified binary for KY 496.2.pdf at its committed path and SHA, then re-run the D1 implementation and visual evidence for its family."
KY,496.3.pdf,496.3.pdf,3225f34ea85bb9e4649e41257530d40e9565a4a7b95628148ee115edced47eaa,,false,dirty_acroform,held_on_source_or_design missing_binary never_independently_approved xfa_javascript_or_active_content_residue,no_implementation_record,no_independent_approval,,missing_pdf_assets,,false,false,Terminal A route owner,low,"Supply the exact verified binary for KY 496.3.pdf at its committed path and SHA, then re-run the D1 implementation and visual evidence for its family."
KY,497.2.pdf,497.2.pdf,080acd68f99ff84afb9b1d08721b5dbff516b8531f0ce53ca7ffc030e80f19e4,,false,dirty_acroform,held_on_source_or_design missing_binary never_independently_approved xfa_javascript_or_active_content_residue,no_implementation_record,no_independent_approval,,missing_pdf_assets,,false,false,Terminal A route owner,low,"Supply the exact verified binary for KY 497.2.pdf at its committed path and SHA, then re-run the D1 implementation and visual evidence for its family."
KY,AOC-009,RECORDS UNIT,469835852a1d7427a2212403aacd3118e93d6adc07791653aab25cb93324f662,REV-UNKNOWN,true,acroform,held_on_source_or_design missing_required_packet_component multi_widget_ambiguity never_independently_approved source_identity_ambiguous stale_contact_sheet_manifest_or_review_evidence stale_or_superseded,acroform_mapped_all_fields_manual_or_unwritable,no_independent_approval,,orphaned_or_optional_problem_pdfs,,false,false,Terminal A route owner,low,Resolve the recorded source or design hold on KY AOC-009 and obtain a fresh independent technical and visual approval.
KY,AOC-333,"Substance in the First Degree against the defendant is dismissed and all records relating to the case, including but not",7af13bcf7ea1d395471c381b10f2200049d1c0a6380add604360da39b51f3587,REV-UNKNOWN,true,acroform,clipped_overlapping_or_misplaced held_on_source_or_design never_independently_approved source_identity_ambiguous stale_or_superseded visually_unsafe,implemented_pending_independent_review,no_independent_approval,,orphaned_or_optional_problem_pdfs,,false,false,Terminal A route owner,low,Re-measure the failing widgets on KY AOC-333 and re-render the boundary fixture until no clipping finding remains.
KY,AOC-334,is hereby void; and all records pertaining thereto that are in custody of the court and any records in the custody of,7eb2838037903de1769a0253d6ad9b092dd72f4aa363b323968c8c510fd55d3d,REV-UNKNOWN,true,acroform,clipped_overlapping_or_misplaced held_on_source_or_design source_identity_ambiguous stale_or_superseded visually_unsafe,implemented_pending_independent_review,technical_approved_for_at_least_one_served_track,ky_void_seal_controlled_substance ky_void_seal_marijuana_synthetic_salvia,active_track_problem_pdfs,guidance_only,false,false,Terminal A route owner,high,Re-measure the failing widgets on KY AOC-334 and re-render the boundary fixture until no clipping finding remains.
KY,AOC-496.2,PETITION FOR EXPUNGEMENT,5d1ca608d94911a3f2fa0ed168ea43da2d72e685b85c48b3c220ed5ea6896bde,REV-2016-07,true,acroform,clipped_overlapping_or_misplaced currentness_unverified held_on_source_or_design never_independently_approved source_identity_ambiguous visually_unsafe,implemented_pending_independent_review,no_independent_approval,ky_misdemeanor_expungement,active_track_problem_pdfs,guidance_only,false,false,Terminal A route owner,high,Re-measure the failing widgets on KY AOC-496.2 and re-render the boundary fixture until no clipping finding remains.
KY,AOC-496.3,"In support of this Application, the Defendant states as follows:",3225f34ea85bb9e4649e41257530d40e9565a4a7b95628148ee115edced47eaa,REV-UNKNOWN,true,acroform,clipped_overlapping_or_misplaced held_on_source_or_design source_identity_ambiguous stale_or_superseded visually_unsafe,implemented_pending_independent_review,technical_approved_for_at_least_one_served_track,ky_felony_expungement_after_pardon ky_felony_vacatur_expungement,active_track_problem_pdfs,exact_supported_deferral,false,false,Terminal A route owner,high,Re-measure the failing widgets on KY AOC-496.3 and re-render the boundary fixture until no clipping finding remains.
KY,AOC-496.4,496.4,70f9540b2a6ce517024c9b53815e964141e3641dd1a2b62a97af257146508182,REV-2023-06,true,acroform,clipped_overlapping_or_misplaced currentness_unverified held_on_source_or_design source_identity_ambiguous visually_unsafe,implemented_pending_independent_review,technical_approved_for_at_least_one_served_track,ky_felony_vacatur_expungement,active_track_problem_pdfs,exact_supported_deferral,false,false,Terminal A route owner,high,Re-measure the failing widgets on KY AOC-496.4 and re-render the boundary fixture until no clipping finding remains.
KY,AOC-496.5,"On ______________________________, 2 ______, the Court ordered the judgment regarding the offense(s) listed on the",273e45032d4f1caed9442ebcfe5804e9202c29eb6265f5b7dde7734e44048ca8,REV-2019-06,true,acroform,clipped_overlapping_or_misplaced currentness_unverified held_on_source_or_design never_independently_approved source_identity_ambiguous visually_unsafe,implemented_pending_independent_review,no_independent_approval,,orphaned_or_optional_problem_pdfs,,false,false,Terminal A route owner,low,Re-measure the failing widgets on KY AOC-496.5 and re-render the boundary fixture until no clipping finding remains.
KY,AOC-496,EXPUNGEMENT ORDER,4c4658780c576300d55f0262fd2455d6eae2a9b2d3e73972dece8a834ea1fdbd,REV-2016-07,true,acroform,clipped_overlapping_or_misplaced currentness_unverified held_on_source_or_design never_independently_approved source_identity_ambiguous visually_unsafe,implemented_pending_independent_review,no_independent_approval,ky_misdemeanor_expungement,active_track_problem_pdfs,guidance_only,false,false,Terminal A route owner,high,Re-measure the failing widgets on KY AOC-496 and re-render the boundary fixture until no clipping finding remains.
KY,AOC-497.3,AOC-497.3-Rev-7-20-Order-Auto-Expunge N RE,71049fcaf0321ff6ccd3bdc5142c92fabcb4134f7aebb48a6859083085f7c2eb,REV-2020-07,true,acroform,clipped_overlapping_or_misplaced held_on_source_or_design never_independently_approved source_identity_ambiguous stale_or_superseded,implemented_pending_independent_review,no_independent_approval,,orphaned_or_optional_problem_pdfs,,false,false,Terminal A route owner,low,Re-measure the failing widgets on KY AOC-497.3 and re-render the boundary fixture until no clipping finding remains.
KY,AOC-497,"The Court, having reviewed Defendants Petition to Expunge and being sufficiently advised, FINDS:",715c00db62e19f07f7dedde68e89309027f4ed9566198a3617cb9bb34a98368b,REV-UNKNOWN,true,acroform,clipped_overlapping_or_misplaced held_on_source_or_design never_independently_approved source_identity_ambiguous stale_or_superseded visually_unsafe,implemented_pending_independent_review,no_independent_approval,ky_nonconviction_expungement,active_track_problem_pdfs,guidance_only,false,false,Terminal A route owner,high,Re-measure the failing widgets on KY AOC-497 and re-render the boundary fixture until no clipping finding remains.
KY,JV-29.1.pdf,JV-29.1.pdf,5dacccad4cc01732bc8b25f7b2bce14f26003c24c05913e22500c4f373b8d477,,false,dirty_acroform,held_on_source_or_design missing_binary never_independently_approved xfa_javascript_or_active_content_residue,no_implementation_record,no_independent_approval,,missing_pdf_assets,,false,false,Terminal A route owner,low,"Supply the exact verified binary for KY JV-29.1.pdf at its committed path and SHA, then re-run the D1 implementation and visual evidence for its family."
KY,JV-29.pdf,JV-29.pdf,557f0e5567d4a79c0d037ae1e38d7683153b32abdaa17f68511327bd0644ff45,,false,dirty_acroform,held_on_source_or_design missing_binary never_independently_approved xfa_javascript_or_active_content_residue,no_implementation_record,no_independent_approval,,missing_pdf_assets,,false,false,Terminal A route owner,low,"Supply the exact verified binary for KY JV-29.pdf at its committed path and SHA, then re-run the D1 implementation and visual evidence for its family."
KY,JV-30.pdf,JV-30.pdf,c1ca3e80cd7cb7afc8cec7b2922691895e5c6f8d761c052bbdc98ff317d1e5ee,,false,dirty_acroform,held_on_source_or_design missing_binary never_independently_approved xfa_javascript_or_active_content_residue,no_implementation_record,no_independent_approval,,missing_pdf_assets,,false,false,Terminal A route owner,low,"Supply the exact verified binary for KY JV-30.pdf at its committed path and SHA, then re-run the D1 implementation and visual evidence for its family."
KY,Kentucky-Expungement-Forms.html,Kentucky-Expungement-Forms.html,c144558f1a2e7745631fbfc599744a4e0c8a3099d905eaed6258fed342858dc8,,false,html_form,flat_overlay_geometry_or_readback held_on_source_or_design missing_binary never_independently_approved,no_implementation_record,no_independent_approval,,missing_pdf_assets,,false,false,Terminal A route owner,low,"Supply the exact verified binary for KY Kentucky-Expungement-Forms.html at its committed path and SHA, then re-run the D1 implementation and visual evidence for its family."
NC,AOC-CR-287,AOC-CR-287 Petition and Order of Expunction,2294223f9157d78d3ad756e50befff6c2d6fa08dff96214d751e5229cfd2460f,REV-2020-12,true,flat_pdf,currentness_unverified flat_overlay_geometry_or_readback held_on_source_or_design multi_widget_ambiguity never_independently_approved stale_contact_sheet_manifest_or_review_evidence,overlay_no_participant_label_matched,no_independent_approval,nc_146_dismissal_petition,active_track_problem_pdfs,exact_supported_deferral,false,false,Terminal A route owner,medium,"Confirm that revision REV-2020-12 of NC AOC-CR-287 is the currently published form, against the issuing body's own publication."
NC,AOC-CR-287,AOC-CR-287 Instructions,5b0e6d3180fb1131edfc413c7d3dfdbde7fbc820b039a01727101bb6b63c46ba,REV-2020-12,true,flat_pdf,currentness_unverified flat_overlay_geometry_or_readback held_on_source_or_design never_independently_approved stale_contact_sheet_manifest_or_review_evidence,no_fill_instructional_document,no_independent_approval,nc_146_dismissal_petition,active_track_problem_pdfs,exact_supported_deferral,false,false,Terminal A route owner,medium,"Confirm that revision REV-2020-12 of NC AOC-CR-287 is the currently published form, against the issuing body's own publication."
NC,AOC-CR-287,AOC-CR-287 Instructions,877ad532fcca40c279a6a803704098789b10d77441b583aeb449c2ca41b4d6eb,REV-2020-12,true,flat_pdf,currentness_unverified flat_overlay_geometry_or_readback held_on_source_or_design never_independently_approved stale_contact_sheet_manifest_or_review_evidence,no_fill_instructional_document,no_independent_approval,nc_146_dismissal_petition,active_track_problem_pdfs,exact_supported_deferral,false,false,Terminal A route owner,medium,"Confirm that revision REV-2020-12 of NC AOC-CR-287 is the currently published form, against the issuing body's own publication."
NC,AOC-CR-287,AOC-CR-287 Petition and Order of Expunction,9405bb36e6e879a094ecaa3bcbcd1a1fd1d918d40ecd3dfff22c5ce5043b696a,REV-2020-12,true,flat_pdf,currentness_unverified flat_overlay_geometry_or_readback held_on_source_or_design never_independently_approved,overlay_implemented_pending_independent_review,no_independent_approval,nc_146_dismissal_petition,active_track_problem_pdfs,exact_supported_deferral,false,false,Terminal A route owner,medium,"Confirm that revision REV-2020-12 of NC AOC-CR-287 is the currently published form, against the issuing body's own publication."
NC,AOC-CR-287,AOC-CR-287 Petition and Order of Expunction,a876229328f9ee8325890b597633b661711fe606da1be8ddb573cd50791365ed,REV-2025-12,true,acroform,clipped_overlapping_or_misplaced currentness_unverified held_on_source_or_design never_independently_approved source_identity_ambiguous,implemented_pending_independent_review,no_independent_approval,nc_146_dismissal_petition,active_track_problem_pdfs,exact_supported_deferral,false,false,Terminal A route owner,high,Re-measure the failing widgets on NC AOC-CR-287 and re-render the boundary fixture until no clipping finding remains.
NC,AOC-CR-287,AOC-CR-287 Instructions,fe22270401aa22ee5c801871aeb1c00f3b98cfb6867f7155681bab4af9c990d7,REV-2025-12,true,flat_pdf,currentness_unverified flat_overlay_geometry_or_readback held_on_source_or_design never_independently_approved stale_contact_sheet_manifest_or_review_evidence,no_fill_instructional_document,no_independent_approval,nc_146_dismissal_petition,active_track_problem_pdfs,exact_supported_deferral,false,false,Terminal A route owner,medium,"Confirm that revision REV-2025-12 of NC AOC-CR-287 is the currently published form, against the issuing body's own publication."
NC,AOC-CR-288,AOC-CR-288 Instructions,19f5aa4b45457a811c5b38ededee861af36d1088a3ef7380f00f5d1b277a0ade,REV-2025-03,true,flat_pdf,currentness_unverified flat_overlay_geometry_or_readback held_on_source_or_design never_independently_approved stale_contact_sheet_manifest_or_review_evidence,no_fill_instructional_document,no_independent_approval,nc_146_acquittal_petition,active_track_problem_pdfs,guidance_only,false,false,Terminal A route owner,medium,"Confirm that revision REV-2025-03 of NC AOC-CR-288 is the currently published form, against the issuing body's own publication."
NC,AOC-CR-288,AOC-CR-288 Instructions,2b9aa2c8b10778748bf13b2771341bc2bb1791a110f7dbc9d069bbe90912252a,REV-2020-12,true,flat_pdf,currentness_unverified flat_overlay_geometry_or_readback held_on_source_or_design never_independently_approved stale_contact_sheet_manifest_or_review_evidence,no_fill_instructional_document,no_independent_approval,nc_146_acquittal_petition,active_track_problem_pdfs,guidance_only,false,false,Terminal A route owner,medium,"Confirm that revision REV-2020-12 of NC AOC-CR-288 is the currently published form, against the issuing body's own publication."
NC,AOC-CR-288,AOC-CR-288 Petition and Order of Expunction,37f40f194b64bdc0e2a5189f1b4ee98e9a0722f0b91eac2184a5eee840dde027,REV-2020-12,true,flat_pdf,currentness_unverified flat_overlay_geometry_or_readback held_on_source_or_design multi_widget_ambiguity never_independently_approved stale_contact_sheet_manifest_or_review_evidence,overlay_no_participant_label_matched,no_independent_approval,nc_146_acquittal_petition,active_track_problem_pdfs,guidance_only,false,false,Terminal A route owner,medium,"Confirm that revision REV-2020-12 of NC AOC-CR-288 is the currently published form, against the issuing body's own publication."
NC,AOC-CR-288,AOC-CR-288 Petition and Order of Expunction,46cdca90a1891b0df1cbfcc960f0c0f839a3ae717313dd46b6e3b69d68747c64,REV-2020-12,true,flat_pdf,currentness_unverified flat_overlay_geometry_or_readback held_on_source_or_design never_independently_approved,overlay_implemented_pending_independent_review,no_independent_approval,nc_146_acquittal_petition,active_track_problem_pdfs,guidance_only,false,false,Terminal A route owner,medium,"Confirm that revision REV-2020-12 of NC AOC-CR-288 is the currently published form, against the issuing body's own publication."
NC,AOC-CR-288,AOC-CR-288 Petition and Order of Expunction,776210116d1ee07a2a53aab41cd3f0a51e382fd3c6f5a7bba9798fc667246a08,REV-2025-03,true,acroform,clipped_overlapping_or_misplaced currentness_unverified held_on_source_or_design never_independently_approved source_identity_ambiguous,implemented_pending_independent_review,no_independent_approval,nc_146_acquittal_petition,active_track_problem_pdfs,guidance_only,false,false,Terminal A route owner,high,Re-measure the failing widgets on NC AOC-CR-288 and re-render the boundary fixture until no clipping finding remains.
NC,AOC-CR-288,AOC-CR-288 Instructions,d2a02cbe61e00c4093b3279d1d208ecf59b8cdc8f1fb7eb25189f8c0f7fc8806,REV-2020-12,true,flat_pdf,currentness_unverified flat_overlay_geometry_or_readback held_on_source_or_design never_independently_approved stale_contact_sheet_manifest_or_review_evidence,no_fill_instructional_document,no_independent_approval,nc_146_acquittal_petition,active_track_problem_pdfs,guidance_only,false,false,Terminal A route owner,medium,"Confirm that revision REV-2020-12 of NC AOC-CR-288 is the currently published form, against the issuing body's own publication."
NC,AOC-CR-296,AOC-CR-296 Petition and Order of Expunction,48cc30cdc4681822e9be5b8a94e4ca10c07f9dafa67b01b17c78d5cc05cb0f4d,REV-2025-03,true,acroform,clipped_overlapping_or_misplaced currentness_unverified held_on_source_or_design never_independently_approved source_identity_ambiguous,implemented_pending_independent_review,no_independent_approval,nc_146_acquittal_petition,active_track_problem_pdfs,guidance_only,false,false,Terminal A route owner,high,Re-measure the failing widgets on NC AOC-CR-296 and re-render the boundary fixture until no clipping finding remains.
NC,AOC-CR-297,AOC-CR-297 Instructions,689301e080796f9c0c9e8f15c5cd055a47b40034ab58f1fc7b91ab1143f8a484,REV-2025-06,true,flat_pdf,currentness_unverified flat_overlay_geometry_or_readback held_on_source_or_design never_independently_approved stale_contact_sheet_manifest_or_review_evidence,no_fill_instructional_document,no_independent_approval,nc_145_5_felony,active_track_problem_pdfs,guidance_only,false,false,Terminal A route owner,medium,"Confirm that revision REV-2025-06 of NC AOC-CR-297 is the currently published form, against the issuing body's own publication."
NC,AOC-CR-297,AOC-CR-297 Petition and Order of Expunction,99c17942a23c80d4e6e66615bc0dca5630fbfe5c5982540cc577da8d89e1eb7c,REV-2025-06,true,acroform,clipped_overlapping_or_misplaced currentness_unverified held_on_source_or_design never_independently_approved source_identity_ambiguous,implemented_pending_independent_review,no_independent_approval,nc_145_5_felony,active_track_problem_pdfs,guidance_only,false,false,Terminal A route owner,high,Re-measure the failing widgets on NC AOC-CR-297 and re-render the boundary fixture until no clipping finding remains.
NC,AOC-CR-298,AOC-CR-298 Instructions,5d648de001ff725135f8b83eb38a8c45fc5001ae2dd1d2edb2e6e34044117d5c,REV-2025-07,true,flat_pdf,currentness_unverified flat_overlay_geometry_or_readback held_on_source_or_design never_independently_approved stale_contact_sheet_manifest_or_review_evidence,no_fill_instructional_document,no_independent_approval,nc_145_5_misdemeanor,active_track_problem_pdfs,exact_supported_deferral,false,false,Terminal A route owner,medium,"Confirm that revision REV-2025-07 of NC AOC-CR-298 is the currently published form, against the issuing body's own publication."
NC,AOC-CR-298,AOC-CR-298 Petition and Order of Expunction,8f526257102e5a5f59bed531e227a2d263d4ef192aaf99fd808a1a866385872b,REV-2025-07,true,acroform,clipped_overlapping_or_misplaced currentness_unverified held_on_source_or_design never_independently_approved source_identity_ambiguous,implemented_pending_independent_review,no_independent_approval,nc_145_5_misdemeanor,active_track_problem_pdfs,exact_supported_deferral,false,false,Terminal A route owner,high,Re-measure the failing widgets on NC AOC-CR-298 and re-render the boundary fixture until no clipping finding remains.
NC,AOC-CV-226,AOC-CV-226 Affidavit of Indigency,08c01368a638d1f17ca4e49f8f89a0e888184e6da7d7a253c74a0b55864647e7,REV-2021-06,true,flat_pdf,currentness_unverified flat_overlay_geometry_or_readback held_on_source_or_design never_independently_approved,overlay_implemented_pending_independent_review,no_independent_approval,nc_145_5_felony nc_145_5_misdemeanor nc_145_8a_youthful nc_146_dismissal_petition,active_track_problem_pdfs,guidance_only exact_supported_deferral,false,false,Terminal A route owner,medium,"Confirm that revision REV-2021-06 of NC AOC-CV-226 is the currently published form, against the issuing body's own publication."
NC,AOC-CV-226,AOC-CV-226 Affidavit of Indigency,74057a13e4bccccbbac785c845b4996b322c6219e1c45f1ab42dca2377755a8f,REV-2023-04,true,acroform,clipped_overlapping_or_misplaced currentness_unverified held_on_source_or_design never_independently_approved source_identity_ambiguous,implemented_pending_independent_review,no_independent_approval,nc_145_5_felony nc_145_5_misdemeanor nc_145_8a_youthful nc_146_dismissal_petition,active_track_problem_pdfs,guidance_only exact_supported_deferral,false,false,Terminal A route owner,high,Re-measure the failing widgets on NC AOC-CV-226 and re-render the boundary fixture until no clipping finding remains.
NC,AOC-CV-226,AOC-CV-226 Affidavit of Indigency,76de51d6bb88f8e3b85983ecdbdaeac08eb683837ff737203eb39c24ad495c9a,REV-2021-06,true,flat_pdf,currentness_unverified flat_overlay_geometry_or_readback held_on_source_or_design never_independently_approved,overlay_implemented_pending_independent_review,no_independent_approval,nc_145_5_felony nc_145_5_misdemeanor nc_145_8a_youthful nc_146_dismissal_petition,active_track_problem_pdfs,guidance_only exact_supported_deferral,false,false,Terminal A route owner,medium,"Confirm that revision REV-2021-06 of NC AOC-CV-226 is the currently published form, against the issuing body's own publication."
NC,cr287_1.pdf,cr287_1.pdf,sha256_unrecorded_in_repo,,false,dirty_acroform,held_on_source_or_design missing_binary never_independently_approved xfa_javascript_or_active_content_residue,no_implementation_record,no_independent_approval,,missing_pdf_assets,,false,false,Terminal A route owner,low,"Supply the exact verified binary for NC cr287_1.pdf at its committed path and SHA, then re-run the D1 implementation and visual evidence for its family."
NC,cr297.pdf,cr297.pdf,sha256_unrecorded_in_repo,,false,dirty_acroform,held_on_source_or_design missing_binary never_independently_approved xfa_javascript_or_active_content_residue,no_implementation_record,no_independent_approval,,missing_pdf_assets,,false,false,Terminal A route owner,low,"Supply the exact verified binary for NC cr297.pdf at its committed path and SHA, then re-run the D1 implementation and visual evidence for its family."
NC,cr298_1.pdf,cr298_1.pdf,sha256_unrecorded_in_repo,,false,dirty_acroform,held_on_source_or_design missing_binary never_independently_approved xfa_javascript_or_active_content_residue,no_implementation_record,no_independent_approval,,missing_pdf_assets,,false,false,Terminal A route owner,low,"Supply the exact verified binary for NC cr298_1.pdf at its committed path and SHA, then re-run the D1 implementation and visual evidence for its family."
NC,expungements.html,expungements.html,e29c7cc5f83a352601ccffb0443e4e74ef68e8dedcc7d6a1caca356f39940a9d,,false,html_form,flat_overlay_geometry_or_readback held_on_source_or_design missing_binary never_independently_approved,no_implementation_record,no_independent_approval,,missing_pdf_assets,,false,false,Terminal A route owner,low,"Supply the exact verified binary for NC expungements.html at its committed path and SHA, then re-run the D1 implementation and visual evidence for its family."
NC,forms-2.html,forms-2.html,30ab86332b088712d661f1760393e50cb9d26a44e59655dca244bb721567d93e,,false,html_form,flat_overlay_geometry_or_readback held_on_source_or_design missing_binary never_independently_approved,no_implementation_record,no_independent_approval,,missing_pdf_assets,,false,false,Terminal A route owner,low,"Supply the exact verified binary for NC forms-2.html at its committed path and SHA, then re-run the D1 implementation and visual evidence for its family."
NC,forms.html,forms.html,1903dd98396c983cb00d8a2783a44140d4490f1bc03c1f321eda6b23a6fcbe11,,false,html_form,flat_overlay_geometry_or_readback held_on_source_or_design missing_binary never_independently_approved,no_implementation_record,no_independent_approval,,missing_pdf_assets,,false,false,Terminal A route owner,low,"Supply the exact verified binary for NC forms.html at its committed path and SHA, then re-run the D1 implementation and visual evidence for its family."
NC,nc-expunction-petition.html,nc-expunction-petition.html,912cb79923dd1699e81daefc261d2a8a473dfeea70287e6026680032ac7b335c,,false,html_form,flat_overlay_geometry_or_readback held_on_source_or_design missing_binary never_independently_approved,no_implementation_record,no_independent_approval,,missing_pdf_assets,,false,false,Terminal A route owner,low,"Supply the exact verified binary for NC nc-expunction-petition.html at its committed path and SHA, then re-run the D1 implementation and visual evidence for its family."
NC,NC-SBI-RIGHT-TO-REVIEW,North Carolina SBI Right to Review Criminal History Instructions,68fe0acc130a1a67eb045ad465fd06762167a5ee355a7e9dca046f5a6514c25e,REV-2025-12,true,flat_pdf,currentness_unverified flat_overlay_geometry_or_readback held_on_source_or_design never_independently_approved stale_contact_sheet_manifest_or_review_evidence,no_fill_instructional_document,no_independent_approval,,orphaned_or_optional_problem_pdfs,,false,false,Terminal A route owner,low,"Confirm that revision REV-2025-12 of NC NC-SBI-RIGHT-TO-REVIEW is the currently published form, against the issuing body's own publication."
NE,CC-6-11-2.pdf,CC-6-11-2.pdf,8bfa884d66c2d485fc28acfae865075bdb02ae7d6b7a3de839c0248464e767b6,,false,dirty_acroform,held_on_source_or_design missing_binary never_independently_approved xfa_javascript_or_active_content_residue,no_implementation_record,no_independent_approval,,missing_pdf_assets,,false,false,Terminal A route owner,low,"Supply the exact verified binary for NE CC-6-11-2.pdf at its committed path and SHA, then re-run the D1 implementation and visual evidence for its family."
NE,CC-6-11.2,,8bfa884d66c2d485fc28acfae865075bdb02ae7d6b7a3de839c0248464e767b6,,true,acroform,clipped_overlapping_or_misplaced held_on_source_or_design never_independently_approved visually_unsafe,implemented_pending_independent_review,no_independent_approval,ne-setaside-custodial ne-setaside-noncustodial,active_track_problem_pdfs,guidance_only,false,false,Terminal A route owner,medium,Re-measure the failing widgets on NE CC-6-11.2 and re-render the boundary fixture until no clipping finding remains.
NE,CC-6-11.2A,,968c14bc5eb052eda88eac7548cc5727ee3f724c9c56ddbce63af295a477c6a7,,true,flat_pdf,flat_overlay_geometry_or_readback held_on_source_or_design never_independently_approved stale_contact_sheet_manifest_or_review_evidence,no_fill_instructional_document,no_independent_approval,,orphaned_or_optional_problem_pdfs,,false,false,Terminal A route owner,low,Resolve the recorded source or design hold on NE CC-6-11.2A and obtain a fresh independent technical and visual approval.
NE,CC-6-11.pdf,CC-6-11.pdf,sha256_unrecorded_in_repo,,false,dirty_acroform,held_on_source_or_design missing_binary never_independently_approved xfa_javascript_or_active_content_residue,no_implementation_record,no_independent_approval,,missing_pdf_assets,,false,false,Terminal A route owner,low,"Supply the exact verified binary for NE CC-6-11.pdf at its committed path and SHA, then re-run the D1 implementation and visual evidence for its family."
NE,CC-6-11,,c0dcc5c093790f0a54199ab6769876d1c124485cea5de08fb8fc783e9f6a5492,,true,acroform,clipped_overlapping_or_misplaced held_on_source_or_design never_independently_approved visually_unsafe,implemented_pending_independent_review,no_independent_approval,ne-setaside-custodial ne-setaside-noncustodial,active_track_problem_pdfs,guidance_only,false,false,Terminal A route owner,medium,Re-measure the failing widgets on NE CC-6-11 and re-render the boundary fixture until no clipping finding remains.
NE,CC-6-11A,,615c64b428d5fdd43ea7d96e3be387bc623860709106b511a16c452c9d9a50ac,,true,flat_pdf,flat_overlay_geometry_or_readback held_on_source_or_design never_independently_approved stale_contact_sheet_manifest_or_review_evidence,no_fill_instructional_document,no_independent_approval,,orphaned_or_optional_problem_pdfs,,false,false,Terminal A route owner,low,Resolve the recorded source or design hold on NE CC-6-11A and obtain a fresh independent technical and visual approval.
NE,CC-6-12.pdf,CC-6-12.pdf,68478452073cdb89dac20843e3d7f5df2ad31b41608ab04deafe940bd6401d28,,false,dirty_acroform,held_on_source_or_design missing_binary never_independently_approved xfa_javascript_or_active_content_residue,no_implementation_record,no_independent_approval,,missing_pdf_assets,,false,false,Terminal A route owner,low,"Supply the exact verified binary for NE CC-6-12.pdf at its committed path and SHA, then re-run the D1 implementation and visual evidence for its family."
NE,CC-6-12,,68478452073cdb89dac20843e3d7f5df2ad31b41608ab04deafe940bd6401d28,,true,acroform,clipped_overlapping_or_misplaced held_on_source_or_design never_independently_approved visually_unsafe,implemented_pending_independent_review,no_independent_approval,ne-seal-pardoned ne-seal-pre2017 ne-trafficking-setaside-and-seal,active_track_problem_pdfs,guidance_only exact_supported_deferral,false,false,Terminal A route owner,medium,Re-measure the failing widgets on NE CC-6-12 and re-render the boundary fixture until no clipping finding remains.
NE,CC-6-12,,b76a0931b781a97de38d17d5856996de307e8c3fb9a67fb48e5679bd232da26a,,true,flat_pdf,flat_overlay_geometry_or_readback held_on_source_or_design never_independently_approved stale_contact_sheet_manifest_or_review_evidence,no_fill_instructional_document,no_independent_approval,ne-seal-pardoned ne-seal-pre2017 ne-trafficking-setaside-and-seal,active_track_problem_pdfs,guidance_only exact_supported_deferral,false,false,Terminal A route owner,medium,Resolve the recorded source or design hold on NE CC-6-12 and obtain a fresh independent technical and visual approval.
NE,CC-6-15.1,,d1fb1340b1ef42bab9da89f9ed6bc8d669057158065bd6bfcb37e762777a6b79,,true,acroform,clipped_overlapping_or_misplaced held_on_source_or_design never_independently_approved visually_unsafe,implemented_pending_independent_review,no_independent_approval,ne-seal-pre2017,active_track_problem_pdfs,exact_supported_deferral,false,false,Terminal A route owner,medium,Re-measure the failing widgets on NE CC-6-15.1 and re-render the boundary fixture until no clipping finding remains.
NE,DC-1-15,,43675986d4b740ebb26c0b6778655e25f5d1bd6145a439154b00350c6072cd5b,,true,acroform,clipped_overlapping_or_misplaced held_on_source_or_design never_independently_approved visually_unsafe,implemented_pending_independent_review,no_independent_approval,ne-setaside-custodial ne-setaside-noncustodial,active_track_problem_pdfs,guidance_only,false,false,Terminal A route owner,medium,Re-measure the failing widgets on NE DC-1-15 and re-render the boundary fixture until no clipping finding remains.
NE,DC-6-7.1A,,e97e032a721f1d223ff83b9ddfee0e703fb2bc8c06a8279f45cad1adacc9a605,,true,flat_pdf,flat_overlay_geometry_or_readback held_on_source_or_design never_independently_approved stale_contact_sheet_manifest_or_review_evidence,no_fill_instructional_document,no_independent_approval,,orphaned_or_optional_problem_pdfs,,false,false,Terminal A route owner,low,Resolve the recorded source or design hold on NE DC-6-7.1A and obtain a fresh independent technical and visual approval.
NE,DC-6-7.2,,33765f661ddeaacfbc623b77e4e0b873b24816bfda472fa2c6b0f093945d96be,,true,acroform,clipped_overlapping_or_misplaced held_on_source_or_design never_independently_approved visually_unsafe,implemented_pending_independent_review,no_independent_approval,,orphaned_or_optional_problem_pdfs,,false,false,Terminal A route owner,low,Re-measure the failing widgets on NE DC-6-7.2 and re-render the boundary fixture until no clipping finding remains.
NE,DC-6-7.2A,,8b2a1679046fc5502728526d7cf2c272791f95f91f7b2400834cf5031b2502e0,,true,acroform,held_on_source_or_design multi_widget_ambiguity never_independently_approved stale_contact_sheet_manifest_or_review_evidence,no_fill_instructional_document,no_independent_approval,,orphaned_or_optional_problem_pdfs,,false,false,Terminal A route owner,low,Resolve the recorded source or design hold on NE DC-6-7.2A and obtain a fresh independent technical and visual approval.
VA,CC-1201-A,ADDENDUM TO PETITION FOR SEALING,01427e4ea4dce8ea5b053bb681556533c1313a8fd362983a9616465acdf6a8ed,REV-2026-07,true,acroform,currentness_unverified held_on_source_or_design never_independently_approved source_identity_ambiguous,no_implementation_record,no_independent_approval,,orphaned_or_optional_problem_pdfs,,false,false,Terminal A route owner,low,"Confirm that revision REV-2026-07 of VA CC-1201-A is the currently published form, against the issuing body's own publication."
VA,CC-1201,PETITION FOR SEALING PURSUANT,7b56d8e167f610739da1578ec96e8bc7925ae029141857e7350bd7482c8e7e78,REV-2026-07,true,acroform,currentness_unverified held_on_source_or_design never_independently_approved source_identity_ambiguous,no_implementation_record,no_independent_approval,va_seal_ancillary_matter_only va_seal_enumerated_seven_year va_seal_petition_felony va_seal_petition_misdemeanor,active_track_problem_pdfs,guidance_only exact_supported_deferral,false,false,Terminal A route owner,high,"Confirm that revision REV-2026-07 of VA CC-1201 is the currently published form, against the issuing body's own publication."
VA,CC-1203-A,ADDENDUM TO PETITION FOR SEALING,3f9bb4dcc114dc5a36aaf14439841dfd536ca8e84febbc01aca52792dc190da1,REV-2026-07,true,acroform,currentness_unverified held_on_source_or_design never_independently_approved source_identity_ambiguous,no_implementation_record,no_independent_approval,,orphaned_or_optional_problem_pdfs,,false,false,Terminal A route owner,low,"Confirm that revision REV-2026-07 of VA CC-1203-A is the currently published form, against the issuing body's own publication."
VA,CC-1203-B,ADDENDUM TO PETITION FOR SEALING,9ec9a6b12adb3a3f14ec0afd39ddcfab4ec00ec2fa441ff5e1648ffb8b334781,REV-2026-07,true,acroform,currentness_unverified held_on_source_or_design never_independently_approved source_identity_ambiguous,no_implementation_record,no_independent_approval,,orphaned_or_optional_problem_pdfs,,false,false,Terminal A route owner,low,"Confirm that revision REV-2026-07 of VA CC-1203-B is the currently published form, against the issuing body's own publication."
VA,CC-1203,PETITION FOR SEALING PURSUANT,25d08cb32e0b0bed778465d91b869f43d8f94ce6986c5036c5de7e307a31d35a,REV-2026-07,true,acroform,currentness_unverified held_on_source_or_design never_independently_approved source_identity_ambiguous,no_implementation_record,no_independent_approval,,orphaned_or_optional_problem_pdfs,,false,false,Terminal A route owner,low,"Confirm that revision REV-2026-07 of VA CC-1203 is the currently published form, against the issuing body's own publication."
VA,CC-1473,PETITION FOR EXPUNGEMENT,6176c2f55bdb320682acecf0a79931bd5e496c4c93b5696645d4ef447fa67219,REV-2026-07,true,acroform,currentness_unverified held_on_source_or_design never_independently_approved source_identity_ambiguous,no_implementation_record,no_independent_approval,va_exp_nonconviction,active_track_problem_pdfs,exact_supported_deferral,false,false,Terminal A route owner,high,"Confirm that revision REV-2026-07 of VA CC-1473 is the currently published form, against the issuing body's own publication."
VA,cc1473.pdf,cc1473.pdf,6f4390495a8781ee48845b575c7e245eb09a2e492319aa51206882a1b4cdf3f3,,false,dirty_acroform,held_on_source_or_design missing_binary never_independently_approved xfa_javascript_or_active_content_residue,no_implementation_record,no_independent_approval,,missing_pdf_assets,,false,false,Terminal A route owner,low,"Supply the exact verified binary for VA cc1473.pdf at its committed path and SHA, then re-run the D1 implementation and visual evidence for its family."
VA,cc1473inst.pdf,cc1473inst.pdf,ffbfc0da7254f3c6bebc9d76878f34e7b2e701324fa2f56bf58460b28479fde6,,false,scanned_pdf,flat_overlay_geometry_or_readback held_on_source_or_design missing_binary never_independently_approved,no_implementation_record,no_independent_approval,,missing_pdf_assets,,false,false,Terminal A route owner,low,"Supply the exact verified binary for VA cc1473inst.pdf at its committed path and SHA, then re-run the D1 implementation and visual evidence for its family."
VA,va-expungement-sealing-forms.html,va-expungement-sealing-forms.html,b9ed3bfc69c4a82954801b3d99b6f8c01fbe3b0edfe876aa6db4f9ba7b1d6f5f,,false,html_form,flat_overlay_geometry_or_readback held_on_source_or_design missing_binary never_independently_approved,no_implementation_record,no_independent_approval,,missing_pdf_assets,,false,false,Terminal A route owner,low,"Supply the exact verified binary for VA va-expungement-sealing-forms.html at its committed path and SHA, then re-run the D1 implementation and visual evidence for its family."
VT,200-00129 – Petition to Expunge Criminal History.pdf,200-00129 – Petition to Expunge Criminal History.pdf,6b855b1976bb10bb1a623e4ae1741545d36108c5e320c7ce542d214481ab9be5,,false,dirty_acroform,held_on_source_or_design missing_binary never_independently_approved xfa_javascript_or_active_content_residue,no_implementation_record,no_independent_approval,,missing_pdf_assets,,false,false,Terminal A route owner,low,"Supply the exact verified binary for VT 200-00129 – Petition to Expunge Criminal History.pdf at its committed path and SHA, then re-run the D1 implementation and visual evidence for its family."
VT,200-00130,Petition to Seal Criminal History,ff914f49c2a78a8b96d48f1242b70ab12ff7cb25beeeb8b850505357fdf982ed,REV-2025-07,true,acroform,currentness_unverified held_on_source_or_design never_independently_approved source_identity_ambiguous,no_implementation_record,no_independent_approval,vt_seal_18_to_21 vt_seal_dui vt_seal_felony vt_seal_misdemeanor vt_seal_nonconviction vt_seal_pardon,active_track_problem_pdfs,guidance_only exact_supported_deferral,false,false,Terminal A route owner,high,"Confirm that revision REV-2025-07 of VT 200-00130 is the currently published form, against the issuing body's own publication."
VT,200-00130A - Filing a Petition to Expunge or Seal a Criminal Record.pdf,200-00130A - Filing a Petition to Expunge or Seal a Criminal Record.pdf,8a44b91cd2f48af494cefcadb557c3c0f5a35b0bdeef06272ee54c66f9ca8078,,false,dirty_acroform,flat_overlay_geometry_or_readback held_on_source_or_design missing_binary never_independently_approved xfa_javascript_or_active_content_residue,no_implementation_record,no_independent_approval,,missing_pdf_assets,,false,false,Terminal A route owner,low,"Supply the exact verified binary for VT 200-00130A - Filing a Petition to Expunge or Seal a Criminal Record.pdf at its committed path and SHA, then re-run the D1 implementation and visual evidence for its family."
VT,200-00130A,Filing a Petition to Expunge or Seal a Criminal Record,8a44b91cd2f48af494cefcadb557c3c0f5a35b0bdeef06272ee54c66f9ca8078,REV-UNKNOWN,true,flat_pdf,held_on_source_or_design never_independently_approved stale_or_superseded,no_implementation_record,no_independent_approval,,orphaned_or_optional_problem_pdfs,,false,false,Terminal A route owner,low,Resolve the recorded source or design hold on VT 200-00130A and obtain a fresh independent technical and visual approval.
VT,200-00131.pdf,200-00131.pdf,5afb8d524b52a6e9faaa2a797c9d2230dc11a492d1f5544bd9cf9f05a9d3379a,,false,dirty_acroform,held_on_source_or_design missing_binary never_independently_approved xfa_javascript_or_active_content_residue,no_implementation_record,no_independent_approval,,missing_pdf_assets,,false,false,Terminal A route owner,low,"Supply the exact verified binary for VT 200-00131.pdf at its committed path and SHA, then re-run the D1 implementation and visual evidence for its family."
VT,200-00131,Response to Petition to Expunge or Seal,5afb8d524b52a6e9faaa2a797c9d2230dc11a492d1f5544bd9cf9f05a9d3379a,REV-2018-07,true,acroform,currentness_unverified held_on_source_or_design never_independently_approved source_identity_ambiguous,no_implementation_record,no_independent_approval,,orphaned_or_optional_problem_pdfs,,false,false,Terminal A route owner,low,"Confirm that revision REV-2018-07 of VT 200-00131 is the currently published form, against the issuing body's own publication."
VT,200-00132 – Stipulation to Seal Criminal History Record + Order.pdf,200-00132 – Stipulation to Seal Criminal History Record + Order.pdf,088116244572ec7ccf00db799e1f6561928715e45c178f20b06de48d8d7a81c2,,false,dirty_acroform,held_on_source_or_design missing_binary never_independently_approved xfa_javascript_or_active_content_residue,no_implementation_record,no_independent_approval,,missing_pdf_assets,,false,false,Terminal A route owner,low,"Supply the exact verified binary for VT 200-00132 – Stipulation to Seal Criminal History Record + Order.pdf at its committed path and SHA, then re-run the D1 implementation and visual evidence for its family."
VT,200-00132,Stipulation to Seal Criminal History Record and Order,088116244572ec7ccf00db799e1f6561928715e45c178f20b06de48d8d7a81c2,REV-2025-07,true,acroform,currentness_unverified held_on_source_or_design never_independently_approved source_identity_ambiguous,no_implementation_record,no_independent_approval,vt_seal_18_to_21 vt_seal_dui vt_seal_felony vt_seal_misdemeanor vt_seal_nonconviction vt_seal_pardon,active_track_problem_pdfs,guidance_only exact_supported_deferral,false,false,Terminal A route owner,high,"Confirm that revision REV-2025-07 of VT 200-00132 is the currently published form, against the issuing body's own publication."
VT,200-00132A – Stipulation to Expunge Criminal History Record + Order.pdf,200-00132A – Stipulation to Expunge Criminal History Record + Order.pdf,9f530430fba20599eb5d838c3e0aa505647124fbe976e74d0a6a349e3ea41dec,,false,dirty_acroform,held_on_source_or_design missing_binary never_independently_approved xfa_javascript_or_active_content_residue,no_implementation_record,no_independent_approval,,missing_pdf_assets,,false,false,Terminal A route owner,low,"Supply the exact verified binary for VT 200-00132A – Stipulation to Expunge Criminal History Record + Order.pdf at its committed path and SHA, then re-run the D1 implementation and visual evidence for its family."
VT,200-00132A,Stipulation to Expunge Criminal History Record and Order,9f530430fba20599eb5d838c3e0aa505647124fbe976e74d0a6a349e3ea41dec,REV-2025-07,true,acroform,currentness_unverified held_on_source_or_design never_independently_approved source_identity_ambiguous,no_implementation_record,no_independent_approval,vt_exp_decriminalized,active_track_problem_pdfs,guidance_only,false,false,Terminal A route owner,high,"Confirm that revision REV-2025-07 of VT 200-00132A is the currently published form, against the issuing body's own publication."
VT,200-00331,Request for Criminal Record Search,6001c4bd36be3e6b4f84b6352ebc94178f3535e39a9109665a2ac35aa2095212,REV-2026-05,true,acroform,currentness_unverified held_on_source_or_design never_independently_approved source_identity_ambiguous,no_implementation_record,no_independent_approval,,orphaned_or_optional_problem_pdfs,,false,false,Terminal A route owner,low,"Confirm that revision REV-2026-05 of VT 200-00331 is the currently published form, against the issuing body's own publication."
VT,200-00631.pdf,200-00631.pdf,a4afde13b306a87f65fb40f43eb00a8e57a15d4e8b80255d11decfca0b96e6d3,,false,dirty_acroform,held_on_source_or_design missing_binary never_independently_approved xfa_javascript_or_active_content_residue,no_implementation_record,no_independent_approval,,missing_pdf_assets,,false,false,Terminal A route owner,low,"Supply the exact verified binary for VT 200-00631.pdf at its committed path and SHA, then re-run the D1 implementation and visual evidence for its family."
VT,200-00631,Request for Sealing Order in Special Index,a4afde13b306a87f65fb40f43eb00a8e57a15d4e8b80255d11decfca0b96e6d3,REV-2019-09,true,acroform,currentness_unverified held_on_source_or_design never_independently_approved source_identity_ambiguous,no_implementation_record,no_independent_approval,,orphaned_or_optional_problem_pdfs,,false,false,Terminal A route owner,low,"Confirm that revision REV-2019-09 of VT 200-00631 is the currently published form, against the issuing body's own publication."
VT,400-00171.pdf,400-00171.pdf,b57dc05d9bccb54468aa5928745a46464c72e7470bf1b93cf3fcad2e7ef53a1a,,false,dirty_acroform,held_on_source_or_design missing_binary never_independently_approved xfa_javascript_or_active_content_residue,no_implementation_record,no_independent_approval,,missing_pdf_assets,,false,false,Terminal A route owner,low,"Supply the exact verified binary for VT 400-00171.pdf at its committed path and SHA, then re-run the D1 implementation and visual evidence for its family."
VT,600-00228,Application to Waive Filing Fees and Service Costs,263d4e196cbca1bfba14ec730368fcc897dd2bb667d6a43ade7f612d42541654,REV-2026-04,true,acroform,currentness_unverified held_on_source_or_design never_independently_approved source_identity_ambiguous,no_implementation_record,no_independent_approval,vt_exp_decriminalized vt_seal_18_to_21 vt_seal_dui vt_seal_felony vt_seal_misdemeanor vt_seal_nonconviction vt_seal_pardon,active_track_problem_pdfs,guidance_only exact_supported_deferral,false,false,Terminal A route owner,high,"Confirm that revision REV-2026-04 of VT 600-00228 is the currently published form, against the issuing body's own publication."
VT,application-waive-filing-fees-and-service-costs.html,application-waive-filing-fees-and-service-costs.html,1b9348d18347d3adb278a209046c3593e595c385b1c2081c6a33142767196b59,,false,html_form,flat_overlay_geometry_or_readback held_on_source_or_design missing_binary never_independently_approved,no_implementation_record,no_independent_approval,,missing_pdf_assets,,false,false,Terminal A route owner,low,"Supply the exact verified binary for VT application-waive-filing-fees-and-service-costs.html at its committed path and SHA, then re-run the D1 implementation and visual evidence for its family."
WI,CR-266,"CR-266, 05/24 Petition to Expunge Criminal Court Record of Conviction (Non-Probation/Non-Incarceration)",9f94674c0f931b66654d39ecfd074d897880f71523592bf83f2bd0dd34812412,REV-2024-05,true,flat_pdf,currentness_unverified held_on_source_or_design never_independently_approved,no_implementation_record,no_independent_approval,wi_exp_cr266,active_track_problem_pdfs,exact_supported_deferral,false,false,Terminal A route owner,medium,"Confirm that revision REV-2024-05 of WI CR-266 is the currently published form, against the issuing body's own publication."
WI,CR-267,"CR-267, 02/15 Order on Petition to Expunge Court Record of Conviction (Non-Probation/Non-Incarceration)",2c0ac53b03658dc9ae93ba90f527ba162d487f181fd4525d5856b483f17930bb,REV-2024-05,true,flat_pdf,currentness_unverified held_on_source_or_design never_independently_approved,no_implementation_record,no_independent_approval,wi_exp_cr266,active_track_problem_pdfs,exact_supported_deferral,false,false,Terminal A route owner,medium,"Confirm that revision REV-2024-05 of WI CR-267 is the currently published form, against the issuing body's own publication."
WI,DJ-LE-247,Wisconsin Criminal History Record Challenge Form,ada016d389ef1f0b343432b187aec8c8c93bd7711c85d4ccce847f75572ae6f7,REV-UNKNOWN,true,flat_pdf,held_on_source_or_design never_independently_approved stale_or_superseded,no_implementation_record,no_independent_approval,wi_nc_doj_challenge,active_track_problem_pdfs,exact_supported_deferral,false,false,Terminal A route owner,medium,Resolve the recorded source or design hold on WI DJ-LE-247 and obtain a fresh independent technical and visual approval.
WI,DJ-LE-250B,Fingerprint Record Removal Request,3c5d4806ff1061246ec06c93716cfa80ec3d61b9e21c5c79639114ab1e5454b6,REV-UNKNOWN,true,flat_pdf,held_on_source_or_design never_independently_approved stale_or_superseded,no_implementation_record,no_independent_approval,wi_nc_doj_fingerprint_removal,active_track_problem_pdfs,guidance_only,false,false,Terminal A route owner,medium,Resolve the recorded source or design hold on WI DJ-LE-250B and obtain a fresh independent technical and visual approval.
